{
"__comment": "Designed by Optimus0812 with BDcraft Cubik PRO 0.95 Beta - http://bdcraft.net",
"textures": {
    "First Aid Kit-1": "3D/First Aid Kit-1",
    "First Aid Kit-2": "3D/First Aid Kit-2",
    "First Aid Kit-3": "3D/First Aid Kit-3"
},
"elements": [ 
{
    "__comment": "1",
    "from": [ 2, 5, 5 ],
    "to": [ 14, 8, 11 ],
    "faces": {
        "down":  { "uv": [ 14, 11, 2, 5 ], "texture": "#First Aid Kit-1" },
        "up":    { "uv": [ 2, 5, 14, 11 ], "texture": "#First Aid Kit-1" },
        "north": { "uv": [ 2, 8, 14, 11 ], "texture": "#First Aid Kit-1" },
        "south": { "uv": [ 2, 8, 14, 11 ], "texture": "#First Aid Kit-1" },
        "west":  { "uv": [ 5, 8, 11, 11 ], "texture": "#First Aid Kit-1" },
        "east":  { "uv": [ 5, 8, 11, 11 ], "texture": "#First Aid Kit-1" }
    }
},
{
    "__comment": "1",
    "from": [ 1.5, 7.4625, 5 ],
    "to": [ 2.5, 7.9625, 11 ],
    "faces": {
        "down":  { "uv": [ 14.5, 11, 13.5, 5 ], "texture": "#First Aid Kit-1" },
        "up":    { "uv": [ 1.5, 5, 2.5, 11 ], "texture": "#First Aid Kit-1" },
        "north": { "uv": [ 13.5, 8.0375, 14.5, 8.5375 ], "texture": "#First Aid Kit-1" },
        "south": { "uv": [ 1.5, 8.0375, 2.5, 8.5375 ], "texture": "#First Aid Kit-1" },
        "west":  { "uv": [ 5, 8.0375, 11, 8.5375 ], "texture": "#First Aid Kit-1" },
        "east":  { "uv": [ 5, 8.0375, 11, 8.5375 ], "texture": "#First Aid Kit-1" }
    }
},
{
    "__comment": "2",
    "from": [ 4, 7, 3 ],
    "to": [ 5, 9, 4 ],
    "faces": {
        "down":  { "uv": [ 12, 4, 11, 3 ], "texture": "#First Aid Kit-2" },
        "up":    { "uv": [ 4, 3, 5, 4 ], "texture": "#First Aid Kit-2" },
        "north": { "uv": [ 11, 7, 12, 9 ], "texture": "#First Aid Kit-2" },
        "south": { "uv": [ 4, 7, 5, 9 ], "texture": "#First Aid Kit-2" },
        "west":  { "uv": [ 3, 7, 4, 9 ], "texture": "#First Aid Kit-2" },
        "east":  { "uv": [ 12, 7, 13, 9 ], "texture": "#First Aid Kit-2" }
    }
},
{
    "__comment": "2",
    "from": [ 11, 7, 3 ],
    "to": [ 12, 9, 4 ],
    "faces": {
        "down":  { "uv": [ 5, 4, 4, 3 ], "texture": "#First Aid Kit-2" },
        "up":    { "uv": [ 11, 3, 12, 4 ], "texture": "#First Aid Kit-2" },
        "north": { "uv": [ 4, 7, 5, 9 ], "texture": "#First Aid Kit-2" },
        "south": { "uv": [ 11, 7, 12, 9 ], "texture": "#First Aid Kit-2" },
        "west":  { "uv": [ 3, 7, 4, 9 ], "texture": "#First Aid Kit-2" },
        "east":  { "uv": [ 12, 7, 13, 9 ], "texture": "#First Aid Kit-2" }
    }
},
{
    "__comment": "1",
    "from": [ 3, 5, 11 ],
    "to": [ 13, 8, 12 ],
    "faces": {
        "down":  { "uv": [ 13, 12, 3, 11 ], "texture": "#First Aid Kit-1" },
        "up":    { "uv": [ 3, 11, 13, 12 ], "texture": "#First Aid Kit-1" },
        "north": { "uv": [ 3, 8, 13, 11 ], "texture": "#First Aid Kit-1" },
        "south": { "uv": [ 3, 8, 13, 11 ], "texture": "#First Aid Kit-1" },
        "west":  { "uv": [ 11, 8, 12, 11 ], "texture": "#First Aid Kit-1" },
        "east":  { "uv": [ 4, 8, 5, 11 ], "texture": "#First Aid Kit-1" }
    }
},
{
    "__comment": "1",
    "from": [ 2, 5, 11 ],
    "to": [ 3.4375, 8, 12.4375 ],
    "rotation": { "origin": [ 2, 5, 11 ], "axis": "y", "angle": 45 },
    "faces": {
        "down":  { "uv": [ 13.5, 14, 11, 11.5 ], "texture": "#First Aid Kit-1" },
        "up":    { "uv": [ 2.5, 11.5, 5, 14 ], "texture": "#First Aid Kit-1" },
        "north": { "uv": [ 11, 6, 13.5, 8 ], "texture": "#First Aid Kit-1" },
        "south": { "uv": [ 2.5, 6, 5, 8 ], "texture": "#First Aid Kit-1" },
        "west":  { "uv": [ 11.5, 6, 14, 8 ], "texture": "#First Aid Kit-1" },
        "east":  { "uv": [ 2, 6, 4.5, 8 ], "texture": "#First Aid Kit-1" }
    }
},
{
    "__comment": "1",
    "from": [ 3, 5, 4 ],
    "to": [ 13, 8, 5 ],
    "faces": {
        "down":  { "uv": [ 13, 5, 3, 4 ], "texture": "#First Aid Kit-1" },
        "up":    { "uv": [ 3, 4, 13, 5 ], "texture": "#First Aid Kit-1" },
        "north": { "uv": [ 3, 8, 13, 11 ], "texture": "#First Aid Kit-1" },
        "south": { "uv": [ 3, 8, 13, 11 ], "texture": "#First Aid Kit-1" },
        "west":  { "uv": [ 4, 8, 5, 11 ], "texture": "#First Aid Kit-1" },
        "east":  { "uv": [ 11, 8, 12, 11 ], "texture": "#First Aid Kit-1" }
    }
},
{
    "__comment": "1",
    "from": [ 3, 5, 4 ],
    "to": [ 4.4375, 8, 5.4375 ],
    "rotation": { "origin": [ 3, 5, 4 ], "axis": "y", "angle": -45 },
    "faces": {
        "down":  { "uv": [ 13.5, 14, 11, 11.5 ], "texture": "#First Aid Kit-1" },
        "up":    { "uv": [ 2.5, 11.5, 5, 14 ], "texture": "#First Aid Kit-1" },
        "north": { "uv": [ 11, 6, 13.5, 8 ], "texture": "#First Aid Kit-1" },
        "south": { "uv": [ 2.5, 6, 5, 8 ], "texture": "#First Aid Kit-1" },
        "west":  { "uv": [ 11.5, 6, 14, 8 ], "texture": "#First Aid Kit-1" },
        "east":  { "uv": [ 2, 6, 4.5, 8 ], "texture": "#First Aid Kit-1" }
    }
},
{
    "__comment": "1",
    "from": [ 12, 5, 5 ],
    "to": [ 13.4375, 8, 6.4375 ],
    "rotation": { "origin": [ 12, 5, 5 ], "axis": "y", "angle": 45 },
    "faces": {
        "down":  { "uv": [ 13.5, 14, 11, 11.5 ], "texture": "#First Aid Kit-1" },
        "up":    { "uv": [ 2.5, 11.5, 5, 14 ], "texture": "#First Aid Kit-1" },
        "north": { "uv": [ 11, 6, 13.5, 8 ], "texture": "#First Aid Kit-1" },
        "south": { "uv": [ 2.5, 6, 5, 8 ], "texture": "#First Aid Kit-1" },
        "west":  { "uv": [ 11.5, 6, 14, 8 ], "texture": "#First Aid Kit-1" },
        "east":  { "uv": [ 2, 6, 4.5, 8 ], "texture": "#First Aid Kit-1" }
    }
},
{
    "__comment": "1",
    "from": [ 13, 5, 10 ],
    "to": [ 14.4375, 8, 11.4375 ],
    "rotation": { "origin": [ 13, 5, 10 ], "axis": "y", "angle": -45 },
    "faces": {
        "down":  { "uv": [ 13.5, 14, 11, 11.5 ], "texture": "#First Aid Kit-1" },
        "up":    { "uv": [ 2.5, 11.5, 5, 14 ], "texture": "#First Aid Kit-1" },
        "north": { "uv": [ 11, 6, 13.5, 8 ], "texture": "#First Aid Kit-1" },
        "south": { "uv": [ 2.5, 6, 5, 8 ], "texture": "#First Aid Kit-1" },
        "west":  { "uv": [ 11.5, 6, 14, 8 ], "texture": "#First Aid Kit-1" },
        "east":  { "uv": [ 2, 6, 4.5, 8 ], "texture": "#First Aid Kit-1" }
    }
},
{
    "__comment": "1",
    "from": [ 2, 8, 5 ],
    "to": [ 14, 10, 11 ],
    "faces": {
        "down":  { "uv": [ 14, 11, 2, 5 ], "texture": "#First Aid Kit-1" },
        "up":    { "uv": [ 2, 5, 14, 11 ], "texture": "#First Aid Kit-1" },
        "north": { "uv": [ 2, 6, 14, 8 ], "texture": "#First Aid Kit-1" },
        "south": { "uv": [ 2, 6, 14, 8 ], "texture": "#First Aid Kit-1" },
        "west":  { "uv": [ 5, 6, 11, 8 ], "texture": "#First Aid Kit-1" },
        "east":  { "uv": [ 5, 6, 11, 8 ], "texture": "#First Aid Kit-1" }
    }
},
{
    "__comment": "1",
    "from": [ 3, 8, 11 ],
    "to": [ 13, 10, 12 ],
    "faces": {
        "down":  { "uv": [ 13, 12, 3, 11 ], "texture": "#First Aid Kit-1" },
        "up":    { "uv": [ 3, 11, 13, 12 ], "texture": "#First Aid Kit-1" },
        "north": { "uv": [ 3, 6, 13, 8 ], "texture": "#First Aid Kit-1" },
        "south": { "uv": [ 3, 6, 13, 8 ], "texture": "#First Aid Kit-1" },
        "west":  { "uv": [ 11, 6, 12, 8 ], "texture": "#First Aid Kit-1" },
        "east":  { "uv": [ 4, 6, 5, 8 ], "texture": "#First Aid Kit-1" }
    }
},
{
    "__comment": "1",
    "from": [ 2, 8, 10.954 ],
    "to": [ 3.4375, 10, 12.3915 ],
    "rotation": { "origin": [ 2, 8, 10.954 ], "axis": "y", "angle": 45 },
    "faces": {
        "down":  { "uv": [ 13.5, 14, 11, 11.5 ], "texture": "#First Aid Kit-1" },
        "up":    { "uv": [ 2.5, 11.5, 5, 14 ], "texture": "#First Aid Kit-1" },
        "north": { "uv": [ 11, 6, 13.5, 8 ], "texture": "#First Aid Kit-1" },
        "south": { "uv": [ 2.5, 6, 5, 8 ], "texture": "#First Aid Kit-1" },
        "west":  { "uv": [ 11.5, 6, 14, 8 ], "texture": "#First Aid Kit-1" },
        "east":  { "uv": [ 2, 6, 4.5, 8 ], "texture": "#First Aid Kit-1" }
    }
},
{
    "__comment": "1",
    "from": [ 3, 8, 4 ],
    "to": [ 13, 10, 5 ],
    "faces": {
        "down":  { "uv": [ 13, 5, 3, 4 ], "texture": "#First Aid Kit-1" },
        "up":    { "uv": [ 3, 4, 13, 5 ], "texture": "#First Aid Kit-1" },
        "north": { "uv": [ 3, 6, 13, 8 ], "texture": "#First Aid Kit-1" },
        "south": { "uv": [ 3, 6, 13, 8 ], "texture": "#First Aid Kit-1" },
        "west":  { "uv": [ 4, 6, 5, 8 ], "texture": "#First Aid Kit-1" },
        "east":  { "uv": [ 11, 6, 12, 8 ], "texture": "#First Aid Kit-1" }
    }
},
{
    "__comment": "1",
    "from": [ 3, 8, 4 ],
    "to": [ 4.4375, 10, 5.4375 ],
    "rotation": { "origin": [ 3, 8, 4 ], "axis": "y", "angle": -45 },
    "faces": {
        "down":  { "uv": [ 13.5, 14, 11, 11.5 ], "texture": "#First Aid Kit-1" },
        "up":    { "uv": [ 2.5, 11.5, 5, 14 ], "texture": "#First Aid Kit-1" },
        "north": { "uv": [ 11, 6, 13.5, 8 ], "texture": "#First Aid Kit-1" },
        "south": { "uv": [ 2.5, 6, 5, 8 ], "texture": "#First Aid Kit-1" },
        "west":  { "uv": [ 11.5, 6, 14, 8 ], "texture": "#First Aid Kit-1" },
        "east":  { "uv": [ 2, 6, 4.5, 8 ], "texture": "#First Aid Kit-1" }
    }
},
{
    "__comment": "1",
    "from": [ 12, 8, 5 ],
    "to": [ 13.4375, 10, 6.4375 ],
    "rotation": { "origin": [ 12, 8, 5 ], "axis": "y", "angle": 45 },
    "faces": {
        "down":  { "uv": [ 13.5, 14, 11, 11.5 ], "texture": "#First Aid Kit-1" },
        "up":    { "uv": [ 2.5, 11.5, 5, 14 ], "texture": "#First Aid Kit-1" },
        "north": { "uv": [ 11, 6, 13.5, 8 ], "texture": "#First Aid Kit-1" },
        "south": { "uv": [ 2.5, 6, 5, 8 ], "texture": "#First Aid Kit-1" },
        "west":  { "uv": [ 11.5, 6, 14, 8 ], "texture": "#First Aid Kit-1" },
        "east":  { "uv": [ 2, 6, 4.5, 8 ], "texture": "#First Aid Kit-1" }
    }
},
{
    "__comment": "1",
    "from": [ 13, 8, 10 ],
    "to": [ 14.4375, 10, 11.4375 ],
    "rotation": { "origin": [ 13, 8, 10 ], "axis": "y", "angle": -45 },
    "faces": {
        "down":  { "uv": [ 13.5, 14, 11, 11.5 ], "texture": "#First Aid Kit-1" },
        "up":    { "uv": [ 2.5, 11.5, 5, 14 ], "texture": "#First Aid Kit-1" },
        "north": { "uv": [ 11, 6, 13.5, 8 ], "texture": "#First Aid Kit-1" },
        "south": { "uv": [ 2.5, 6, 5, 8 ], "texture": "#First Aid Kit-1" },
        "west":  { "uv": [ 11.5, 6, 14, 8 ], "texture": "#First Aid Kit-1" },
        "east":  { "uv": [ 2, 6, 4.5, 8 ], "texture": "#First Aid Kit-1" }
    }
},
{
    "__comment": "1",
    "from": [ 13.5, 7.4625, 5 ],
    "to": [ 14.5, 7.9625, 11 ],
    "faces": {
        "down":  { "uv": [ 2.5, 11, 1.5, 5 ], "texture": "#First Aid Kit-1" },
        "up":    { "uv": [ 13.5, 5, 14.5, 11 ], "texture": "#First Aid Kit-1" },
        "north": { "uv": [ 1.5, 8.0375, 2.5, 8.5375 ], "texture": "#First Aid Kit-1" },
        "south": { "uv": [ 13.5, 8.0375, 14.5, 8.5375 ], "texture": "#First Aid Kit-1" },
        "west":  { "uv": [ 5, 8.0375, 11, 8.5375 ], "texture": "#First Aid Kit-1" },
        "east":  { "uv": [ 5, 8.0375, 11, 8.5375 ], "texture": "#First Aid Kit-1" }
    }
},
{
    "__comment": "1",
    "from": [ 3, 7.4625, 11.5 ],
    "to": [ 13, 7.9625, 12.5 ],
    "faces": {
        "down":  { "uv": [ 13, 12.5, 3, 11.5 ], "texture": "#First Aid Kit-1" },
        "up":    { "uv": [ 3, 11.5, 13, 12.5 ], "texture": "#First Aid Kit-1" },
        "north": { "uv": [ 3, 8.0375, 13, 8.5375 ], "texture": "#First Aid Kit-1" },
        "south": { "uv": [ 3, 8.0375, 13, 8.5375 ], "texture": "#First Aid Kit-1" },
        "west":  { "uv": [ 11.5, 8.0375, 12.5, 8.5375 ], "texture": "#First Aid Kit-1" },
        "east":  { "uv": [ 3.5, 8.0375, 4.5, 8.5375 ], "texture": "#First Aid Kit-1" }
    }
},
{
    "__comment": "1",
    "from": [ 3, 7.4625, 3.5 ],
    "to": [ 13, 7.9625, 4.5 ],
    "faces": {
        "down":  { "uv": [ 13, 4.5, 3, 3.5 ], "texture": "#First Aid Kit-1" },
        "up":    { "uv": [ 3, 3.5, 13, 4.5 ], "texture": "#First Aid Kit-1" },
        "north": { "uv": [ 3, 8.0375, 13, 8.5375 ], "texture": "#First Aid Kit-1" },
        "south": { "uv": [ 3, 8.0375, 13, 8.5375 ], "texture": "#First Aid Kit-1" },
        "west":  { "uv": [ 3.5, 8.0375, 4.5, 8.5375 ], "texture": "#First Aid Kit-1" },
        "east":  { "uv": [ 11.5, 8.0375, 12.5, 8.5375 ], "texture": "#First Aid Kit-1" }
    }
},
{
    "__comment": "1",
    "from": [ 1.5, 7.4625, 11 ],
    "to": [ 3.8125, 7.9625, 13.125 ],
    "rotation": { "origin": [ 1.5, 7.4625, 11 ], "axis": "y", "angle": 45 },
    "faces": {
        "down":  { "uv": [ 14, 14.5, 12, 12.5 ], "texture": "#First Aid Kit-1" },
        "up":    { "uv": [ 2, 12.5, 4, 14.5 ], "texture": "#First Aid Kit-1" },
        "north": { "uv": [ 12, 7.4375, 14, 7.9375 ], "texture": "#First Aid Kit-1" },
        "south": { "uv": [ 2, 7.4375, 4, 7.9375 ], "texture": "#First Aid Kit-1" },
        "west":  { "uv": [ 12.5, 7.4375, 14.5, 7.9375 ], "texture": "#First Aid Kit-1" },
        "east":  { "uv": [ 1.5, 7.4375, 3.5, 7.9375 ], "texture": "#First Aid Kit-1" }
    }
},
{
    "__comment": "1",
    "from": [ 11.375, 7.4625, 5.125 ],
    "to": [ 13.6875, 7.9625, 7.25 ],
    "rotation": { "origin": [ 11.375, 7.4625, 5.125 ], "axis": "y", "angle": 45 },
    "faces": {
        "down":  { "uv": [ 14, 14.5, 12, 12.5 ], "texture": "#First Aid Kit-1" },
        "up":    { "uv": [ 2, 12.5, 4, 14.5 ], "texture": "#First Aid Kit-1" },
        "north": { "uv": [ 12, 7.4375, 14, 7.9375 ], "texture": "#First Aid Kit-1" },
        "south": { "uv": [ 2, 7.4375, 4, 7.9375 ], "texture": "#First Aid Kit-1" },
        "west":  { "uv": [ 12.5, 7.4375, 14.5, 7.9375 ], "texture": "#First Aid Kit-1" },
        "east":  { "uv": [ 1.5, 7.4375, 3.5, 7.9375 ], "texture": "#First Aid Kit-1" }
    }
},
{
    "__comment": "1",
    "from": [ 3, 7.4625, 3.5 ],
    "to": [ 5.3125, 7.9625, 5.625 ],
    "rotation": { "origin": [ 3, 7.4625, 3.5 ], "axis": "y", "angle": -45 },
    "faces": {
        "down":  { "uv": [ 14, 14.5, 12, 12.5 ], "texture": "#First Aid Kit-1" },
        "up":    { "uv": [ 2, 12.5, 4, 14.5 ], "texture": "#First Aid Kit-1" },
        "north": { "uv": [ 12, 7.4375, 14, 7.9375 ], "texture": "#First Aid Kit-1" },
        "south": { "uv": [ 2, 7.4375, 4, 7.9375 ], "texture": "#First Aid Kit-1" },
        "west":  { "uv": [ 12.5, 7.4375, 14.5, 7.9375 ], "texture": "#First Aid Kit-1" },
        "east":  { "uv": [ 1.5, 7.4375, 3.5, 7.9375 ], "texture": "#First Aid Kit-1" }
    }
},
{
    "__comment": "1",
    "from": [ 12.875, 7.4625, 9.375 ],
    "to": [ 15.1875, 7.9625, 11.5 ],
    "rotation": { "origin": [ 12.875, 7.4625, 9.375 ], "axis": "y", "angle": -45 },
    "faces": {
        "down":  { "uv": [ 14, 14.5, 12, 12.5 ], "texture": "#First Aid Kit-1" },
        "up":    { "uv": [ 2, 12.5, 4, 14.5 ], "texture": "#First Aid Kit-1" },
        "north": { "uv": [ 12, 7.4375, 14, 7.9375 ], "texture": "#First Aid Kit-1" },
        "south": { "uv": [ 2, 7.4375, 4, 7.9375 ], "texture": "#First Aid Kit-1" },
        "west":  { "uv": [ 12.5, 7.4375, 14.5, 7.9375 ], "texture": "#First Aid Kit-1" },
        "east":  { "uv": [ 1.5, 7.4375, 3.5, 7.9375 ], "texture": "#First Aid Kit-1" }
    }
},
{
    "__comment": "1",
    "from": [ 1.5, 8.1625, 5 ],
    "to": [ 2.5, 8.6625, 11 ],
    "faces": {
        "down":  { "uv": [ 14.5, 11, 13.5, 5 ], "texture": "#First Aid Kit-1" },
        "up":    { "uv": [ 1.5, 5, 2.5, 11 ], "texture": "#First Aid Kit-1" },
        "north": { "uv": [ 13.5, 7.3375, 14.5, 7.8375 ], "texture": "#First Aid Kit-1" },
        "south": { "uv": [ 1.5, 7.3375, 2.5, 7.8375 ], "texture": "#First Aid Kit-1" },
        "west":  { "uv": [ 5, 7.3375, 11, 7.8375 ], "texture": "#First Aid Kit-1" },
        "east":  { "uv": [ 5, 7.3375, 11, 7.8375 ], "texture": "#First Aid Kit-1" }
    }
},
{
    "__comment": "1",
    "from": [ 13.5, 8.1625, 5 ],
    "to": [ 14.5, 8.6625, 11 ],
    "faces": {
        "down":  { "uv": [ 2.5, 11, 1.5, 5 ], "texture": "#First Aid Kit-1" },
        "up":    { "uv": [ 13.5, 5, 14.5, 11 ], "texture": "#First Aid Kit-1" },
        "north": { "uv": [ 1.5, 7.3375, 2.5, 7.8375 ], "texture": "#First Aid Kit-1" },
        "south": { "uv": [ 13.5, 7.3375, 14.5, 7.8375 ], "texture": "#First Aid Kit-1" },
        "west":  { "uv": [ 5, 7.3375, 11, 7.8375 ], "texture": "#First Aid Kit-1" },
        "east":  { "uv": [ 5, 7.3375, 11, 7.8375 ], "texture": "#First Aid Kit-1" }
    }
},
{
    "__comment": "1",
    "from": [ 3, 8.1625, 11.5 ],
    "to": [ 13, 8.6625, 12.5 ],
    "faces": {
        "down":  { "uv": [ 13, 12.5, 3, 11.5 ], "texture": "#First Aid Kit-1" },
        "up":    { "uv": [ 3, 11.5, 13, 12.5 ], "texture": "#First Aid Kit-1" },
        "north": { "uv": [ 3, 7.3375, 13, 7.8375 ], "texture": "#First Aid Kit-1" },
        "south": { "uv": [ 3, 7.3375, 13, 7.8375 ], "texture": "#First Aid Kit-1" },
        "west":  { "uv": [ 11.5, 7.3375, 12.5, 7.8375 ], "texture": "#First Aid Kit-1" },
        "east":  { "uv": [ 3.5, 7.3375, 4.5, 7.8375 ], "texture": "#First Aid Kit-1" }
    }
},
{
    "__comment": "1",
    "from": [ 3, 8.1625, 3.5 ],
    "to": [ 13, 8.6625, 4.5 ],
    "faces": {
        "down":  { "uv": [ 13, 4.5, 3, 3.5 ], "texture": "#First Aid Kit-1" },
        "up":    { "uv": [ 3, 3.5, 13, 4.5 ], "texture": "#First Aid Kit-1" },
        "north": { "uv": [ 3, 7.3375, 13, 7.8375 ], "texture": "#First Aid Kit-1" },
        "south": { "uv": [ 3, 7.3375, 13, 7.8375 ], "texture": "#First Aid Kit-1" },
        "west":  { "uv": [ 3.5, 7.3375, 4.5, 7.8375 ], "texture": "#First Aid Kit-1" },
        "east":  { "uv": [ 11.5, 7.3375, 12.5, 7.8375 ], "texture": "#First Aid Kit-1" }
    }
},
{
    "__comment": "1",
    "from": [ 1.5, 8.1625, 11 ],
    "to": [ 3.8125, 8.6625, 13.125 ],
    "rotation": { "origin": [ 1.5, 8.1625, 11 ], "axis": "y", "angle": 45 },
    "faces": {
        "down":  { "uv": [ 14, 14.5, 12, 12.5 ], "texture": "#First Aid Kit-1" },
        "up":    { "uv": [ 2, 12.5, 4, 14.5 ], "texture": "#First Aid Kit-1" },
        "north": { "uv": [ 12, 7.4375, 14, 7.9375 ], "texture": "#First Aid Kit-1" },
        "south": { "uv": [ 2, 7.4375, 4, 7.9375 ], "texture": "#First Aid Kit-1" },
        "west":  { "uv": [ 12.5, 7.4375, 14.5, 7.9375 ], "texture": "#First Aid Kit-1" },
        "east":  { "uv": [ 1.5, 7.4375, 3.5, 7.9375 ], "texture": "#First Aid Kit-1" }
    }
},
{
    "__comment": "1",
    "from": [ 11.375, 8.1625, 5.125 ],
    "to": [ 13.6875, 8.6625, 7.25 ],
    "rotation": { "origin": [ 11.375, 8.1625, 5.125 ], "axis": "y", "angle": 45 },
    "faces": {
        "down":  { "uv": [ 14, 14.5, 12, 12.5 ], "texture": "#First Aid Kit-1" },
        "up":    { "uv": [ 2, 12.5, 4, 14.5 ], "texture": "#First Aid Kit-1" },
        "north": { "uv": [ 12, 7.4375, 14, 7.9375 ], "texture": "#First Aid Kit-1" },
        "south": { "uv": [ 2, 7.4375, 4, 7.9375 ], "texture": "#First Aid Kit-1" },
        "west":  { "uv": [ 12.5, 7.4375, 14.5, 7.9375 ], "texture": "#First Aid Kit-1" },
        "east":  { "uv": [ 1.5, 7.4375, 3.5, 7.9375 ], "texture": "#First Aid Kit-1" }
    }
},
{
    "__comment": "1",
    "from": [ 3, 8.1625, 3.5 ],
    "to": [ 5.3125, 8.6625, 5.625 ],
    "rotation": { "origin": [ 3, 8.1625, 3.5 ], "axis": "y", "angle": -45 },
    "faces": {
        "down":  { "uv": [ 14, 14.5, 12, 12.5 ], "texture": "#First Aid Kit-1" },
        "up":    { "uv": [ 2, 12.5, 4, 14.5 ], "texture": "#First Aid Kit-1" },
        "north": { "uv": [ 12, 7.4375, 14, 7.9375 ], "texture": "#First Aid Kit-1" },
        "south": { "uv": [ 2, 7.4375, 4, 7.9375 ], "texture": "#First Aid Kit-1" },
        "west":  { "uv": [ 12.5, 7.4375, 14.5, 7.9375 ], "texture": "#First Aid Kit-1" },
        "east":  { "uv": [ 1.5, 7.4375, 3.5, 7.9375 ], "texture": "#First Aid Kit-1" }
    }
},
{
    "__comment": "1",
    "from": [ 12.875, 8.1625, 9.375 ],
    "to": [ 15.1875, 8.6625, 11.5 ],
    "rotation": { "origin": [ 12.875, 8.1625, 9.375 ], "axis": "y", "angle": -45 },
    "faces": {
        "down":  { "uv": [ 14, 14.5, 12, 12.5 ], "texture": "#First Aid Kit-1" },
        "up":    { "uv": [ 2, 12.5, 4, 14.5 ], "texture": "#First Aid Kit-1" },
        "north": { "uv": [ 12, 7.4375, 14, 7.9375 ], "texture": "#First Aid Kit-1" },
        "south": { "uv": [ 2, 7.4375, 4, 7.9375 ], "texture": "#First Aid Kit-1" },
        "west":  { "uv": [ 12.5, 7.4375, 14.5, 7.9375 ], "texture": "#First Aid Kit-1" },
        "east":  { "uv": [ 1.5, 7.4375, 3.5, 7.9375 ], "texture": "#First Aid Kit-1" }
    }
},
{
    "__comment": "2",
    "from": [ 11, 7.75, 12.1875 ],
    "to": [ 12, 8.75, 12.6875 ],
    "rotation": { "origin": [ 11, 8.75, 12.1875 ], "axis": "x", "angle": -22.5 },
    "faces": {
        "down":  { "uv": [ 5, 12.5, 4, 12 ], "texture": "#First Aid Kit-2" },
        "up":    { "uv": [ 11, 12, 12, 12.5 ], "texture": "#First Aid Kit-2" },
        "north": { "uv": [ 4, 5, 5, 6 ], "texture": "#First Aid Kit-2" },
        "south": { "uv": [ 11, 5, 12, 6 ], "texture": "#First Aid Kit-2" },
        "west":  { "uv": [ 12, 5, 12.5, 6 ], "texture": "#First Aid Kit-2" },
        "east":  { "uv": [ 3.5, 5, 4, 6 ], "texture": "#First Aid Kit-2" }
    }
},
{
    "__comment": "2",
    "from": [ 11, 7, 12.5 ],
    "to": [ 12, 8, 13 ],
    "faces": {
        "down":  { "uv": [ 12, 12.5, 11, 12 ], "texture": "#First Aid Kit-2" },
        "up":    { "uv": [ 4, 12, 5, 12.5 ], "texture": "#First Aid Kit-2" },
        "north": { "uv": [ 11, 7, 12, 8 ], "texture": "#First Aid Kit-2" },
        "south": { "uv": [ 4, 7, 5, 8 ], "texture": "#First Aid Kit-2" },
        "west":  { "uv": [ 12, 7, 12.5, 8 ], "texture": "#First Aid Kit-2" },
        "east":  { "uv": [ 3.5, 7, 4, 8 ], "texture": "#First Aid Kit-2" }
    }
},
{
    "__comment": "2",
    "from": [ 4, 7.75, 12.1875 ],
    "to": [ 5, 8.75, 12.6875 ],
    "rotation": { "origin": [ 4, 8.75, 12.1875 ], "axis": "x", "angle": -22.5 },
    "faces": {
        "down":  { "uv": [ 5, 12.5, 4, 12 ], "texture": "#First Aid Kit-2" },
        "up":    { "uv": [ 11, 12, 12, 12.5 ], "texture": "#First Aid Kit-2" },
        "north": { "uv": [ 4, 5, 5, 6 ], "texture": "#First Aid Kit-2" },
        "south": { "uv": [ 11, 5, 12, 6 ], "texture": "#First Aid Kit-2" },
        "west":  { "uv": [ 12, 5, 12.5, 6 ], "texture": "#First Aid Kit-2" },
        "east":  { "uv": [ 3.5, 5, 4, 6 ], "texture": "#First Aid Kit-2" }
    }
},
{
    "__comment": "2",
    "from": [ 4, 7, 12.5 ],
    "to": [ 5, 8, 13 ],
    "faces": {
        "down":  { "uv": [ 12, 12.5, 11, 12 ], "texture": "#First Aid Kit-2" },
        "up":    { "uv": [ 4, 12, 5, 12.5 ], "texture": "#First Aid Kit-2" },
        "north": { "uv": [ 11, 7, 12, 8 ], "texture": "#First Aid Kit-2" },
        "south": { "uv": [ 4, 7, 5, 8 ], "texture": "#First Aid Kit-2" },
        "west":  { "uv": [ 12, 7, 12.5, 8 ], "texture": "#First Aid Kit-2" },
        "east":  { "uv": [ 3.5, 7, 4, 8 ], "texture": "#First Aid Kit-2" }
    }
},
{
    "__comment": "3",
    "from": [ 11, 9.6, 6.5 ],
    "to": [ 12, 10.1, 9.5 ],
    "faces": {
        "down":  { "uv": [ 5, 9.5, 4, 6.5 ], "texture": "#First Aid Kit-3" },
        "up":    { "uv": [ 11, 6.5, 12, 9.5 ], "texture": "#First Aid Kit-3" },
        "north": { "uv": [ 4, 5.9, 5, 6.4 ], "texture": "#First Aid Kit-3" },
        "south": { "uv": [ 11, 5.9, 12, 6.4 ], "texture": "#First Aid Kit-3" },
        "west":  { "uv": [ 6.5, 5.9, 9.5, 6.4 ], "texture": "#First Aid Kit-3" },
        "east":  { "uv": [ 6.5, 5.9, 9.5, 6.4 ], "texture": "#First Aid Kit-3" }
    }
},
{
    "__comment": "3",
    "from": [ 10, 9.6, 7.5 ],
    "to": [ 13, 10.1, 8.5 ],
    "faces": {
        "down":  { "uv": [ 6, 8.5, 3, 7.5 ], "texture": "#First Aid Kit-3" },
        "up":    { "uv": [ 10, 7.5, 13, 8.5 ], "texture": "#First Aid Kit-3" },
        "north": { "uv": [ 3, 5.9, 6, 6.4 ], "texture": "#First Aid Kit-3" },
        "south": { "uv": [ 10, 5.9, 13, 6.4 ], "texture": "#First Aid Kit-3" },
        "west":  { "uv": [ 7.5, 5.9, 8.5, 6.4 ], "texture": "#First Aid Kit-3" },
        "east":  { "uv": [ 7.5, 5.9, 8.5, 6.4 ], "texture": "#First Aid Kit-3" }
    }
}
],
"display": {
    "thirdperson": {
        "rotation": [ -90, 0, 90 ],
        "translation": [ -0.1, 2.7, -0.5 ],
        "scale": [ 0.6, 0.6, 0.6 ]
    },
    "head": {
        "rotation": [ -45, 90, 90 ],
        "translation": [ 0, -7.5, 3.3 ],
        "scale": [ 1, 1, 1 ]
    },
    "ground": {
        "rotation": [ 0, 0, 0 ],
        "translation": [ 0, -10, 0 ],
        "scale": [ 2, 2, 2 ]
    },
    "fixed": {
        "rotation": [ 90, 0, 180 ],
        "translation": [ 0, 0, 0 ],
        "scale": [ 2, 2, 2 ]
    },
    "firstperson": {
        "rotation": [ 30, -120, 0 ],
        "translation": [ 0, 3, 0 ],
        "scale": [ 1.6, 1.6, 1.6 ]
    },
    "gui": {
        "rotation": [ 60, 135, 0 ],
        "translation": [ 0, 0, 0 ],
        "scale": [ 2, 2, 2 ]
    }
}
}