{
"__comment": "Designed by Optimus0812 with BDcraft Cubik PRO 0.95 Beta - http://bdcraft.net",
"textures": {
    "texture": "items/Fire Axe"
},
"elements": [ 
{
    "__comment": "1",
    "from": [ 1, 7.5, 14 ],
    "to": [ 3, 8.5, 15 ],
    "faces": {
        "down":  { "uv": [ 1, 15, 3, 14 ], "texture": "#texture" },
        "up":    { "uv": [ 1, 14, 3, 15 ], "texture": "#texture" },
        "north": { "uv": [ 3, 14, 1, 14.5 ], "texture": "#texture" },
        "south": { "uv": [ 1, 15, 3, 14.5 ], "texture": "#texture" },
        "west":  { "uv": [ 1, 14, 1.5, 15 ], "rotation": 270, "texture": "#texture" },
        "east":  { "uv": [ 3, 14, 2.5, 15 ], "texture": "#texture" }
    }
},
{
    "__comment": "1",
    "from": [ 2.5, 7.5, 13.5 ],
    "to": [ 4, 8.5, 14 ],
    "faces": {
        "down":  { "uv": [ 2.5, 14, 4, 13.5 ], "texture": "#texture" },
        "up":    { "uv": [ 2.5, 13.5, 4, 14 ], "texture": "#texture" },
        "north": { "uv": [ 4, 13.5, 2.5, 14 ], "texture": "#texture" },
        "south": { "uv": [ 2.5, 14, 4, 13.5 ], "texture": "#texture" },
        "west":  { "uv": [ 2.5, 13.5, 3, 14 ], "rotation": 270, "texture": "#texture" },
        "east":  { "uv": [ 4, 13.5, 3.5, 14 ], "texture": "#texture" }
    }
},
{
    "__comment": "1",
    "from": [ 3, 7.5, 13 ],
    "to": [ 4.5, 8.5, 13.5 ],
    "faces": {
        "down":  { "uv": [ 3, 13.5, 4.5, 13 ], "texture": "#texture" },
        "up":    { "uv": [ 3, 13, 4.5, 13.5 ], "texture": "#texture" },
        "north": { "uv": [ 4.5, 13, 3, 13.5 ], "texture": "#texture" },
        "south": { "uv": [ 3, 13.5, 4.5, 13 ], "texture": "#texture" },
        "west":  { "uv": [ 3, 13, 3.5, 13.5 ], "rotation": 270, "texture": "#texture" },
        "east":  { "uv": [ 4.5, 13, 4, 13.5 ], "texture": "#texture" }
    }
},
{
    "__comment": "1",
    "from": [ 3, 7.5, 14 ],
    "to": [ 3.5, 8.5, 14.5 ],
    "faces": {
        "down":  { "uv": [ 3, 14.5, 3.5, 14 ], "texture": "#texture" },
        "up":    { "uv": [ 3, 14, 3.5, 14.5 ], "texture": "#texture" },
        "north": { "uv": [ 3.5, 14, 3, 14.5 ], "texture": "#texture" },
        "south": { "uv": [ 3, 14.5, 3.5, 14 ], "texture": "#texture" },
        "west":  { "uv": [ 3, 14, 3.5, 14.5 ], "rotation": 270, "texture": "#texture" },
        "east":  { "uv": [ 3.5, 14, 3, 14.5 ], "texture": "#texture" }
    }
},
{
    "__comment": "1",
    "from": [ 3.5, 7.5, 12.5 ],
    "to": [ 5, 8.5, 13 ],
    "faces": {
        "down":  { "uv": [ 3.5, 13, 5, 12.5 ], "texture": "#texture" },
        "up":    { "uv": [ 3.5, 12.5, 5, 13 ], "texture": "#texture" },
        "north": { "uv": [ 5, 12.5, 3.5, 13 ], "texture": "#texture" },
        "south": { "uv": [ 3.5, 13, 5, 12.5 ], "texture": "#texture" },
        "west":  { "uv": [ 3.5, 12.5, 4, 13 ], "rotation": 270, "texture": "#texture" },
        "east":  { "uv": [ 5, 12.5, 4.5, 13 ], "texture": "#texture" }
    }
},
{
    "__comment": "1",
    "from": [ 4, 7.5, 12 ],
    "to": [ 5.5, 8.5, 12.5 ],
    "faces": {
        "down":  { "uv": [ 4, 12.5, 5.5, 12 ], "texture": "#texture" },
        "up":    { "uv": [ 4, 12, 5.5, 12.5 ], "texture": "#texture" },
        "north": { "uv": [ 5.5, 12, 4, 12.5 ], "texture": "#texture" },
        "south": { "uv": [ 4, 12.5, 5.5, 12 ], "texture": "#texture" },
        "west":  { "uv": [ 4, 12, 4.5, 12.5 ], "rotation": 270, "texture": "#texture" },
        "east":  { "uv": [ 5.5, 12, 5, 12.5 ], "texture": "#texture" }
    }
},
{
    "__comment": "1",
    "from": [ 4.5, 7.5, 11.5 ],
    "to": [ 6, 8.5, 12 ],
    "faces": {
        "down":  { "uv": [ 4.5, 12, 6, 11.5 ], "texture": "#texture" },
        "up":    { "uv": [ 4.5, 11.5, 6, 12 ], "texture": "#texture" },
        "north": { "uv": [ 6, 11.5, 4.5, 12 ], "texture": "#texture" },
        "south": { "uv": [ 4.5, 12, 6, 11.5 ], "texture": "#texture" },
        "west":  { "uv": [ 4.5, 11.5, 5, 12 ], "rotation": 270, "texture": "#texture" },
        "east":  { "uv": [ 6, 11.5, 5.5, 12 ], "texture": "#texture" }
    }
},
{
    "__comment": "1",
    "from": [ 5, 7.5, 11 ],
    "to": [ 6.5, 8.5, 11.5 ],
    "faces": {
        "down":  { "uv": [ 5, 11.5, 6.5, 11 ], "texture": "#texture" },
        "up":    { "uv": [ 5, 11, 6.5, 11.5 ], "texture": "#texture" },
        "north": { "uv": [ 6.5, 11, 5, 11.5 ], "texture": "#texture" },
        "south": { "uv": [ 5, 11.5, 6.5, 11 ], "texture": "#texture" },
        "west":  { "uv": [ 5, 11, 5.5, 11.5 ], "rotation": 270, "texture": "#texture" },
        "east":  { "uv": [ 6.5, 11, 6, 11.5 ], "texture": "#texture" }
    }
},
{
    "__comment": "1",
    "from": [ 5.5, 7.5, 10.5 ],
    "to": [ 7, 8.5, 11 ],
    "faces": {
        "down":  { "uv": [ 5.5, 11, 7, 10.5 ], "texture": "#texture" },
        "up":    { "uv": [ 5.5, 10.5, 7, 11 ], "texture": "#texture" },
        "north": { "uv": [ 7, 10.5, 5.5, 11 ], "texture": "#texture" },
        "south": { "uv": [ 5.5, 11, 7, 10.5 ], "texture": "#texture" },
        "west":  { "uv": [ 5.5, 10.5, 6, 11 ], "rotation": 270, "texture": "#texture" },
        "east":  { "uv": [ 7, 10.5, 6.5, 11 ], "texture": "#texture" }
    }
},
{
    "__comment": "1",
    "from": [ 6, 7.5, 10 ],
    "to": [ 7.5, 8.5, 10.5 ],
    "faces": {
        "down":  { "uv": [ 6, 10.5, 7.5, 10 ], "texture": "#texture" },
        "up":    { "uv": [ 6, 10, 7.5, 10.5 ], "texture": "#texture" },
        "north": { "uv": [ 7.5, 10, 6, 10.5 ], "texture": "#texture" },
        "south": { "uv": [ 6, 10.5, 7.5, 10 ], "texture": "#texture" },
        "west":  { "uv": [ 6, 10, 6.5, 10.5 ], "rotation": 270, "texture": "#texture" },
        "east":  { "uv": [ 7.5, 10, 7, 10.5 ], "texture": "#texture" }
    }
},
{
    "__comment": "1",
    "from": [ 6.5, 7.5, 9.5 ],
    "to": [ 8, 8.5, 10 ],
    "faces": {
        "down":  { "uv": [ 6.5, 10, 8, 9.5 ], "texture": "#texture" },
        "up":    { "uv": [ 6.5, 9.5, 8, 10 ], "texture": "#texture" },
        "north": { "uv": [ 8, 9.5, 6.5, 10 ], "texture": "#texture" },
        "south": { "uv": [ 6.5, 10, 8, 9.5 ], "texture": "#texture" },
        "west":  { "uv": [ 6.5, 9.5, 7, 10 ], "rotation": 270, "texture": "#texture" },
        "east":  { "uv": [ 8, 9.5, 7.5, 10 ], "texture": "#texture" }
    }
},
{
    "__comment": "1",
    "from": [ 7, 7.5, 9 ],
    "to": [ 8.5, 8.5, 9.5 ],
    "faces": {
        "down":  { "uv": [ 7, 9.5, 8.5, 9 ], "texture": "#texture" },
        "up":    { "uv": [ 7, 9, 8.5, 9.5 ], "texture": "#texture" },
        "north": { "uv": [ 8.5, 9, 7, 9.5 ], "texture": "#texture" },
        "south": { "uv": [ 7, 9.5, 8.5, 9 ], "texture": "#texture" },
        "west":  { "uv": [ 7, 9, 7.5, 9.5 ], "rotation": 270, "texture": "#texture" },
        "east":  { "uv": [ 8.5, 9, 8, 9.5 ], "texture": "#texture" }
    }
},
{
    "__comment": "1",
    "from": [ 7.5, 7.5, 8.5 ],
    "to": [ 9, 8.5, 9 ],
    "faces": {
        "down":  { "uv": [ 7.5, 9, 9, 8.5 ], "texture": "#texture" },
        "up":    { "uv": [ 7.5, 8.5, 9, 9 ], "texture": "#texture" },
        "north": { "uv": [ 9, 8.5, 7.5, 9 ], "texture": "#texture" },
        "south": { "uv": [ 7.5, 9, 9, 8.5 ], "texture": "#texture" },
        "west":  { "uv": [ 7.5, 8.5, 8, 9 ], "rotation": 270, "texture": "#texture" },
        "east":  { "uv": [ 9, 8.5, 8.5, 9 ], "texture": "#texture" }
    }
},
{
    "__comment": "1",
    "from": [ 8, 7.5, 8 ],
    "to": [ 9.5, 8.5, 8.5 ],
    "faces": {
        "down":  { "uv": [ 8, 8.5, 9.5, 8 ], "texture": "#texture" },
        "up":    { "uv": [ 8, 8, 9.5, 8.5 ], "texture": "#texture" },
        "north": { "uv": [ 9.5, 8, 8, 8.5 ], "texture": "#texture" },
        "south": { "uv": [ 8, 8.5, 9.5, 8 ], "texture": "#texture" },
        "west":  { "uv": [ 8, 8, 8.5, 8.5 ], "rotation": 270, "texture": "#texture" },
        "east":  { "uv": [ 9.5, 8, 9, 8.5 ], "texture": "#texture" }
    }
},
{
    "__comment": "1",
    "from": [ 8.5, 7.5, 7.5 ],
    "to": [ 10, 8.5, 8 ],
    "faces": {
        "down":  { "uv": [ 8.5, 8, 10, 7.5 ], "texture": "#texture" },
        "up":    { "uv": [ 8.5, 7.5, 10, 8 ], "texture": "#texture" },
        "north": { "uv": [ 10, 7.5, 8.5, 8 ], "texture": "#texture" },
        "south": { "uv": [ 8.5, 8, 10, 7.5 ], "texture": "#texture" },
        "west":  { "uv": [ 8.5, 7.5, 9, 8 ], "rotation": 270, "texture": "#texture" },
        "east":  { "uv": [ 10, 7.5, 9.5, 8 ], "texture": "#texture" }
    }
},
{
    "__comment": "1",
    "from": [ 9, 7.5, 7 ],
    "to": [ 10.5, 8.5, 7.5 ],
    "faces": {
        "down":  { "uv": [ 9, 7.5, 10.5, 7 ], "texture": "#texture" },
        "up":    { "uv": [ 9, 7, 10.5, 7.5 ], "texture": "#texture" },
        "north": { "uv": [ 10.5, 7, 9, 7.5 ], "texture": "#texture" },
        "south": { "uv": [ 9, 7.5, 10.5, 7 ], "texture": "#texture" },
        "west":  { "uv": [ 9, 7, 9.5, 7.5 ], "rotation": 270, "texture": "#texture" },
        "east":  { "uv": [ 10.5, 7, 10, 7.5 ], "texture": "#texture" }
    }
},
{
    "__comment": "1",
    "from": [ 9.5, 7.5, 3 ],
    "to": [ 13.5, 8.5, 3.5 ],
    "faces": {
        "down":  { "uv": [ 9.5, 3.5, 13.5, 3 ], "texture": "#texture" },
        "up":    { "uv": [ 9.5, 3, 13.5, 3.5 ], "texture": "#texture" },
        "north": { "uv": [ 13.5, 3, 9.5, 3.5 ], "texture": "#texture" },
        "south": { "uv": [ 9.5, 3.5, 13.5, 3 ], "texture": "#texture" },
        "west":  { "uv": [ 9.5, 3, 10, 3.5 ], "rotation": 270, "texture": "#texture" },
        "east":  { "uv": [ 13.5, 3, 13, 3.5 ], "texture": "#texture" }
    }
},
{
    "__comment": "1",
    "from": [ 9.5, 7.5, 6 ],
    "to": [ 11, 8.5, 7 ],
    "faces": {
        "down":  { "uv": [ 9.5, 7, 11, 6 ], "texture": "#texture" },
        "up":    { "uv": [ 9.5, 6, 11, 7 ], "texture": "#texture" },
        "north": { "uv": [ 11, 6, 9.5, 6.5 ], "texture": "#texture" },
        "south": { "uv": [ 9.5, 7, 11, 6.5 ], "texture": "#texture" },
        "west":  { "uv": [ 9.5, 6, 10, 7 ], "rotation": 270, "texture": "#texture" },
        "east":  { "uv": [ 11, 6, 10.5, 7 ], "texture": "#texture" }
    }
},
{
    "__comment": "1",
    "from": [ 10, 7.5, 2.5 ],
    "to": [ 13, 8.5, 3 ],
    "faces": {
        "down":  { "uv": [ 10, 3, 13, 2.5 ], "texture": "#texture" },
        "up":    { "uv": [ 10, 2.5, 13, 3 ], "texture": "#texture" },
        "north": { "uv": [ 13, 2.5, 10, 3 ], "texture": "#texture" },
        "south": { "uv": [ 10, 3, 13, 2.5 ], "texture": "#texture" },
        "west":  { "uv": [ 10, 2.5, 10.5, 3 ], "rotation": 270, "texture": "#texture" },
        "east":  { "uv": [ 13, 2.5, 12.5, 3 ], "texture": "#texture" }
    }
},
{
    "__comment": "1",
    "from": [ 10, 7.5, 5.5 ],
    "to": [ 12.5, 8.5, 6 ],
    "faces": {
        "down":  { "uv": [ 10, 6, 12.5, 5.5 ], "texture": "#texture" },
        "up":    { "uv": [ 10, 5.5, 12.5, 6 ], "texture": "#texture" },
        "north": { "uv": [ 12.5, 5.5, 10, 6 ], "texture": "#texture" },
        "south": { "uv": [ 10, 6, 12.5, 5.5 ], "texture": "#texture" },
        "west":  { "uv": [ 10, 5.5, 10.5, 6 ], "rotation": 270, "texture": "#texture" },
        "east":  { "uv": [ 12.5, 5.5, 12, 6 ], "texture": "#texture" }
    }
},
{
    "__comment": "1",
    "from": [ 10.5, 7.5, 2 ],
    "to": [ 12.5, 8.5, 2.5 ],
    "faces": {
        "down":  { "uv": [ 10.5, 2.5, 12.5, 2 ], "texture": "#texture" },
        "up":    { "uv": [ 10.5, 2, 12.5, 2.5 ], "texture": "#texture" },
        "north": { "uv": [ 12.5, 2, 10.5, 2.5 ], "texture": "#texture" },
        "south": { "uv": [ 10.5, 2.5, 12.5, 2 ], "texture": "#texture" },
        "west":  { "uv": [ 10.5, 2, 11, 2.5 ], "rotation": 270, "texture": "#texture" },
        "east":  { "uv": [ 12.5, 2, 12, 2.5 ], "texture": "#texture" }
    }
},
{
    "__comment": "1",
    "from": [ 10.5, 7.5, 3.5 ],
    "to": [ 14, 8.5, 4 ],
    "faces": {
        "down":  { "uv": [ 10.5, 4, 14, 3.5 ], "texture": "#texture" },
        "up":    { "uv": [ 10.5, 3.5, 14, 4 ], "texture": "#texture" },
        "north": { "uv": [ 14, 3.5, 10.5, 4 ], "texture": "#texture" },
        "south": { "uv": [ 10.5, 4, 14, 3.5 ], "texture": "#texture" },
        "west":  { "uv": [ 10.5, 3.5, 11, 4 ], "rotation": 270, "texture": "#texture" },
        "east":  { "uv": [ 14, 3.5, 13.5, 4 ], "texture": "#texture" }
    }
},
{
    "__comment": "1",
    "from": [ 10.5, 7.5, 5 ],
    "to": [ 13, 8.5, 5.5 ],
    "faces": {
        "down":  { "uv": [ 10.5, 5.5, 13, 5 ], "texture": "#texture" },
        "up":    { "uv": [ 10.5, 5, 13, 5.5 ], "texture": "#texture" },
        "north": { "uv": [ 13, 5, 10.5, 5.5 ], "texture": "#texture" },
        "south": { "uv": [ 10.5, 5.5, 13, 5 ], "texture": "#texture" },
        "west":  { "uv": [ 10.5, 5, 11, 5.5 ], "rotation": 270, "texture": "#texture" },
        "east":  { "uv": [ 13, 5, 12.5, 5.5 ], "texture": "#texture" }
    }
},
{
    "__comment": "1",
    "from": [ 11, 7.5, 1.5 ],
    "to": [ 12, 8.5, 2 ],
    "faces": {
        "down":  { "uv": [ 11, 2, 12, 1.5 ], "texture": "#texture" },
        "up":    { "uv": [ 11, 1.5, 12, 2 ], "texture": "#texture" },
        "north": { "uv": [ 12, 1.5, 11, 2 ], "texture": "#texture" },
        "south": { "uv": [ 11, 2, 12, 1.5 ], "texture": "#texture" },
        "west":  { "uv": [ 11, 1.5, 11.5, 2 ], "rotation": 270, "texture": "#texture" },
        "east":  { "uv": [ 12, 1.5, 11.5, 2 ], "texture": "#texture" }
    }
},
{
    "__comment": "1",
    "from": [ 11, 7.5, 4 ],
    "to": [ 14.5, 8.5, 5 ],
    "faces": {
        "down":  { "uv": [ 11, 5, 14.5, 4 ], "texture": "#texture" },
        "up":    { "uv": [ 11, 4, 14.5, 5 ], "texture": "#texture" },
        "north": { "uv": [ 14.5, 4, 11, 4.5 ], "texture": "#texture" },
        "south": { "uv": [ 11, 5, 14.5, 4.5 ], "texture": "#texture" },
        "west":  { "uv": [ 11, 4, 11.5, 5 ], "rotation": 270, "texture": "#texture" },
        "east":  { "uv": [ 14.5, 4, 14, 5 ], "texture": "#texture" }
    }
},
{
    "__comment": "1",
    "from": [ 11, 7.5, 6 ],
    "to": [ 12, 8.5, 6.5 ],
    "faces": {
        "down":  { "uv": [ 11, 6.5, 12, 6 ], "texture": "#texture" },
        "up":    { "uv": [ 11, 6, 12, 6.5 ], "texture": "#texture" },
        "north": { "uv": [ 12, 6, 11, 6.5 ], "texture": "#texture" },
        "south": { "uv": [ 11, 6.5, 12, 6 ], "texture": "#texture" },
        "west":  { "uv": [ 11, 6, 11.5, 6.5 ], "rotation": 270, "texture": "#texture" },
        "east":  { "uv": [ 12, 6, 11.5, 6.5 ], "texture": "#texture" }
    }
},
{
    "__comment": "1",
    "from": [ 11.5, 7.5, 1 ],
    "to": [ 12, 8.5, 1.5 ],
    "faces": {
        "down":  { "uv": [ 11.5, 1.5, 12, 1 ], "texture": "#texture" },
        "up":    { "uv": [ 11.5, 1, 12, 1.5 ], "texture": "#texture" },
        "north": { "uv": [ 12, 1, 11.5, 1.5 ], "texture": "#texture" },
        "south": { "uv": [ 11.5, 1.5, 12, 1 ], "texture": "#texture" },
        "west":  { "uv": [ 11.5, 1, 12, 1.5 ], "rotation": 270, "texture": "#texture" },
        "east":  { "uv": [ 12, 1, 11.5, 1.5 ], "texture": "#texture" }
    }
},
{
    "__comment": "1",
    "from": [ 13.5, 7.5, 5 ],
    "to": [ 15, 8.5, 5.5 ],
    "faces": {
        "down":  { "uv": [ 13.5, 5.5, 15, 5 ], "texture": "#texture" },
        "up":    { "uv": [ 13.5, 5, 15, 5.5 ], "texture": "#texture" },
        "north": { "uv": [ 15, 5, 13.5, 5.5 ], "texture": "#texture" },
        "south": { "uv": [ 13.5, 5.5, 15, 5 ], "texture": "#texture" },
        "west":  { "uv": [ 13.5, 5, 14, 5.5 ], "rotation": 270, "texture": "#texture" },
        "east":  { "uv": [ 15, 5, 14.5, 5.5 ], "texture": "#texture" }
    }
},
{
    "__comment": "1",
    "from": [ 14, 7.5, 5.5 ],
    "to": [ 15, 8.5, 6 ],
    "faces": {
        "down":  { "uv": [ 14, 6, 15, 5.5 ], "texture": "#texture" },
        "up":    { "uv": [ 14, 5.5, 15, 6 ], "texture": "#texture" },
        "north": { "uv": [ 15, 5.5, 14, 6 ], "texture": "#texture" },
        "south": { "uv": [ 14, 6, 15, 5.5 ], "texture": "#texture" },
        "west":  { "uv": [ 14, 5.5, 14.5, 6 ], "rotation": 270, "texture": "#texture" },
        "east":  { "uv": [ 15, 5.5, 14.5, 6 ], "texture": "#texture" }
    }
},
{
    "__comment": "1",
    "from": [ 14.5, 7.5, 6 ],
    "to": [ 15, 8.5, 6.5 ],
    "faces": {
        "down":  { "uv": [ 14.5, 6.5, 15, 6 ], "texture": "#texture" },
        "up":    { "uv": [ 14.5, 6, 15, 6.5 ], "texture": "#texture" },
        "north": { "uv": [ 15, 6, 14.5, 6.5 ], "texture": "#texture" },
        "south": { "uv": [ 14.5, 6.5, 15, 6 ], "texture": "#texture" },
        "west":  { "uv": [ 14.5, 6, 15, 6.5 ], "rotation": 270, "texture": "#texture" },
        "east":  { "uv": [ 15, 6, 14.5, 6.5 ], "texture": "#texture" }
    }
}
],
"display": {
    "thirdperson": {
        "rotation": [ 145, 180, 90 ],
        "translation": [ 0, 1.5, -1 ],
        "scale": [ 1.5, 1.5, 1.5 ]
    },
    "head": {
        "rotation": [ 90, 0, 0 ],
        "translation": [ 0, -7.5, 2.5 ],
        "scale": [ 2.5, 2.5, 2.5 ]
    },
    "ground": {
        "rotation": [ 0, 0, 0 ],
        "translation": [ 0, -20, 0 ],
        "scale": [ 4, 4, 4 ]
    },
    "fixed": {
        "rotation": [ 90, -90, 90 ],
        "translation": [ 0, 0, 0 ],
        "scale": [ 2, 2, 2 ]
    },
    "firstperson": {
        "rotation": [ 30, -90, 10 ],
        "translation": [ -10, 5, -5 ],
        "scale": [ 2, 2, 2 ]
    },
    "gui": {
        "rotation": [ 60, 135, 0 ],
        "translation": [ 0, 0, 0 ],
        "scale": [ 1.6, 1.6, 1.6 ]
    }
}
}