{
"__comment": "Designed by Optimus0812 with BDcraft Cubik PRO 0.95 Beta - http://bdcraft.net",
"textures": {
    "log_oak": "blocks/log_oak",
    "planks_oak": "blocks/planks_oak",
    "iron_block": "blocks/iron_block"
},
"elements": [ 
{
    "__comment": "1",
    "from": [ 0, 0, 0 ],
    "to": [ 16, 16, 16 ],
    "faces": {
        "down":  { "uv": [ 16, 16, 0, 0 ], "texture": "#log_oak" },
        "up":    { "uv": [ 0, 0, 16, 16 ], "texture": "#log_oak" },
        "north": { "uv": [ 0, 0, 16, 16 ], "texture": "#log_oak" },
        "south": { "uv": [ 0, 0, 16, 16 ], "texture": "#log_oak" },
        "west":  { "uv": [ 0, 0, 16, 16 ], "texture": "#log_oak" },
        "east":  { "uv": [ 0, 0, 16, 16 ], "texture": "#log_oak" }
    }
},
{
    "__comment": "2",
    "from": [ 2, 11, -0.5 ],
    "to": [ 14, 15, 0 ],
    "faces": {
        "down":  { "uv": [ 14, 16, 2, 16 ], "texture": "#planks_oak" },
        "up":    { "uv": [ 2, 16, 14, 16 ], "texture": "#planks_oak" },
        "north": { "uv": [ 2, 1, 14, 5 ], "texture": "#planks_oak" },
        "south": { "uv": [ 2, 1, 14, 5 ], "texture": "#planks_oak" },
        "west":  { "uv": [ 16, 1, 16, 5 ], "texture": "#planks_oak" },
        "east":  { "uv": [ 0, 1, 0, 5 ], "texture": "#planks_oak" }
    }
},
{
    "__comment": "2",
    "from": [ 2, 1, -0.5 ],
    "to": [ 14, 10, 0 ],
    "faces": {
        "down":  { "uv": [ 14, 16, 2, 16 ], "texture": "#planks_oak" },
        "up":    { "uv": [ 2, 16, 14, 16 ], "texture": "#planks_oak" },
        "north": { "uv": [ 2, 6, 14, 10 ], "texture": "#planks_oak" },
        "south": { "uv": [ 2, 6, 14, 10 ], "texture": "#planks_oak" },
        "west":  { "uv": [ 16, 6, 16, 10 ], "texture": "#planks_oak" },
        "east":  { "uv": [ 0, 6, 0, 10 ], "texture": "#planks_oak" }
    }
},
{
    "__comment": "3",
    "from": [ 6, 12.5, -1.5 ],
    "to": [ 10, 13.5, -1 ],
    "faces": {
        "down":  { "uv": [ 10, 16, 6, 16 ], "texture": "#iron_block" },
        "up":    { "uv": [ 6, 16, 10, 16 ], "texture": "#iron_block" },
        "north": { "uv": [ 6, 2.5, 10, 3.5 ], "texture": "#iron_block" },
        "south": { "uv": [ 6, 2.5, 10, 3.5 ], "texture": "#iron_block" },
        "west":  { "uv": [ 16, 2.5, 16, 3.5 ], "texture": "#iron_block" },
        "east":  { "uv": [ 0, 2.5, 0, 3.5 ], "texture": "#iron_block" }
    }
},
{
    "__comment": "3",
    "from": [ 6, 12.5, -1 ],
    "to": [ 6.5, 13.5, -0.5 ],
    "faces": {
        "down":  { "uv": [ 10, 16, 9.5, 16 ], "texture": "#iron_block" },
        "up":    { "uv": [ 6, 16, 6.5, 16 ], "texture": "#iron_block" },
        "north": { "uv": [ 9.5, 2.5, 10, 3.5 ], "texture": "#iron_block" },
        "south": { "uv": [ 6, 2.5, 6.5, 3.5 ], "texture": "#iron_block" },
        "west":  { "uv": [ 16, 2.5, 16, 3.5 ], "texture": "#iron_block" },
        "east":  { "uv": [ 0, 2.5, 0, 3.5 ], "texture": "#iron_block" }
    }
},
{
    "__comment": "3",
    "from": [ 9.5, 12.5, -1 ],
    "to": [ 10, 13.5, -0.5 ],
    "faces": {
        "down":  { "uv": [ 6.5, 16, 6, 16 ], "texture": "#iron_block" },
        "up":    { "uv": [ 9.5, 16, 10, 16 ], "texture": "#iron_block" },
        "north": { "uv": [ 6, 2.5, 6.5, 3.5 ], "texture": "#iron_block" },
        "south": { "uv": [ 9.5, 2.5, 10, 3.5 ], "texture": "#iron_block" },
        "west":  { "uv": [ 16, 2.5, 16, 3.5 ], "texture": "#iron_block" },
        "east":  { "uv": [ 0, 2.5, 0, 3.5 ], "texture": "#iron_block" }
    }
},
{
    "__comment": "3",
    "from": [ 3, 4.5, -1.5 ],
    "to": [ 4, 8.5, -1 ],
    "faces": {
        "down":  { "uv": [ 10, 16, 6, 16 ], "texture": "#iron_block" },
        "up":    { "uv": [ 6, 16, 10, 16 ], "texture": "#iron_block" },
        "north": { "uv": [ 6, 7.5, 10, 8.5 ], "texture": "#iron_block" },
        "south": { "uv": [ 6, 7.5, 10, 8.5 ], "texture": "#iron_block" },
        "west":  { "uv": [ 16, 7.5, 16, 8.5 ], "texture": "#iron_block" },
        "east":  { "uv": [ 0, 7.5, 0, 8.5 ], "texture": "#iron_block" }
    }
},
{
    "__comment": "3",
    "from": [ 3, 8, -1 ],
    "to": [ 4, 8.5, -0.5 ],
    "faces": {
        "down":  { "uv": [ 10, 16, 9.5, 16 ], "texture": "#iron_block" },
        "up":    { "uv": [ 6, 16, 6.5, 16 ], "texture": "#iron_block" },
        "north": { "uv": [ 9.5, 7.5, 10, 8.5 ], "texture": "#iron_block" },
        "south": { "uv": [ 6, 7.5, 6.5, 8.5 ], "texture": "#iron_block" },
        "west":  { "uv": [ 16, 7.5, 16, 8.5 ], "texture": "#iron_block" },
        "east":  { "uv": [ 0, 7.5, 0, 8.5 ], "texture": "#iron_block" }
    }
},
{
    "__comment": "3",
    "from": [ 3, 4.5, -1 ],
    "to": [ 4, 5, -0.5 ],
    "faces": {
        "down":  { "uv": [ 6.5, 16, 6, 16 ], "texture": "#iron_block" },
        "up":    { "uv": [ 9.5, 16, 10, 16 ], "texture": "#iron_block" },
        "north": { "uv": [ 6, 7.5, 6.5, 8.5 ], "texture": "#iron_block" },
        "south": { "uv": [ 9.5, 7.5, 10, 8.5 ], "texture": "#iron_block" },
        "west":  { "uv": [ 16, 7.5, 16, 8.5 ], "texture": "#iron_block" },
        "east":  { "uv": [ 0, 7.5, 0, 8.5 ], "texture": "#iron_block" }
    }
}
]
}