{
"__comment": "Designed by Optimus0812 with BDcraft Cubik PRO 0.95 Beta - http://bdcraft.net",
"textures": {
    "iron_block": "blocks/iron_block",
    "anvil_base": "blocks/anvil_base",
    "cauldron_inner": "blocks/cauldron_inner"
},
"elements": [ 
{
    "__comment": "1",
    "from": [ 0, 3, 0 ],
    "to": [ 16, 13, 16 ],
    "faces": {
        "down":  { "uv": [ 16, 16, 0, 0 ], "rotation": 180, "texture": "#iron_block" },
        "up":    { "uv": [ 0, 0, 16, 16 ], "rotation": 180, "texture": "#iron_block" },
        "north": { "uv": [ 0, 3, 16, 13 ], "texture": "#iron_block" },
        "south": { "uv": [ 0, 3, 16, 13 ], "texture": "#iron_block" },
        "west":  { "uv": [ 0, 3, 16, 13 ], "texture": "#iron_block" },
        "east":  { "uv": [ 0, 3, 16, 13 ], "texture": "#iron_block" }
    }
},
{
    "__comment": "2",
    "from": [ 2, 11, -2 ],
    "to": [ 14, 12, -1 ],
    "faces": {
        "down":  { "uv": [ 14, 16, 2, 16 ], "rotation": 180, "texture": "#cauldron_inner" },
        "up":    { "uv": [ 2, 16, 14, 16 ], "rotation": 180, "texture": "#cauldron_inner" },
        "north": { "uv": [ 2, 4, 14, 5 ], "texture": "#cauldron_inner" },
        "south": { "uv": [ 2, 4, 14, 5 ], "texture": "#cauldron_inner" },
        "west":  { "uv": [ 0, 4, 0, 5 ], "texture": "#cauldron_inner" },
        "east":  { "uv": [ 16, 4, 16, 5 ], "texture": "#cauldron_inner" }
    }
},
{
    "__comment": "2",
    "from": [ 13, 11, -1 ],
    "to": [ 14, 12, 0 ],
    "faces": {
        "down":  { "uv": [ 14, 16, 13, 16 ], "rotation": 180, "texture": "#cauldron_inner" },
        "up":    { "uv": [ 2, 16, 3, 16 ], "rotation": 180, "texture": "#cauldron_inner" },
        "north": { "uv": [ 2, 4, 3, 5 ], "texture": "#cauldron_inner" },
        "south": { "uv": [ 13, 4, 14, 5 ], "texture": "#cauldron_inner" },
        "west":  { "uv": [ 0, 4, 0, 5 ], "texture": "#cauldron_inner" },
        "east":  { "uv": [ 16, 4, 16, 5 ], "texture": "#cauldron_inner" }
    }
},
{
    "__comment": "2",
    "from": [ 2, 11, -1 ],
    "to": [ 3, 12, 0 ],
    "faces": {
        "down":  { "uv": [ 3, 16, 2, 16 ], "rotation": 180, "texture": "#cauldron_inner" },
        "up":    { "uv": [ 13, 16, 14, 16 ], "rotation": 180, "texture": "#cauldron_inner" },
        "north": { "uv": [ 13, 4, 14, 5 ], "texture": "#cauldron_inner" },
        "south": { "uv": [ 2, 4, 3, 5 ], "texture": "#cauldron_inner" },
        "west":  { "uv": [ 0, 4, 0, 5 ], "texture": "#cauldron_inner" },
        "east":  { "uv": [ 16, 4, 16, 5 ], "texture": "#cauldron_inner" }
    }
},
{
    "__comment": "3",
    "from": [ 4, 7, -0.5 ],
    "to": [ 12, 11, 0 ],
    "faces": {
        "down":  { "uv": [ 12, 16, 4, 16 ], "rotation": 180, "texture": "#anvil_base" },
        "up":    { "uv": [ 4, 16, 12, 16 ], "rotation": 180, "texture": "#anvil_base" },
        "north": { "uv": [ 4, 5, 12, 9 ], "texture": "#anvil_base" },
        "south": { "uv": [ 4, 5, 12, 9 ], "texture": "#anvil_base" },
        "west":  { "uv": [ 0, 5, 0, 9 ], "texture": "#anvil_base" },
        "east":  { "uv": [ 16, 5, 16, 9 ], "texture": "#anvil_base" }
    }
},
{
    "__comment": "3",
    "from": [ 12.5, 14, -0.5 ],
    "to": [ 14, 15.5, 0 ],
    "faces": {
        "down":  { "uv": [ 14, 16, 12.5, 16 ], "rotation": 180, "texture": "#anvil_base" },
        "up":    { "uv": [ 2, 16, 3.5, 16 ], "rotation": 180, "texture": "#anvil_base" },
        "north": { "uv": [ 2, 0.5, 3.5, 2 ], "texture": "#anvil_base" },
        "south": { "uv": [ 12.5, 0.5, 14, 2 ], "texture": "#anvil_base" },
        "west":  { "uv": [ 0, 0.5, 0, 2 ], "texture": "#anvil_base" },
        "east":  { "uv": [ 16, 0.5, 16, 2 ], "texture": "#anvil_base" }
    }
},
{
    "__comment": "3",
    "from": [ 9.5, 14, -0.5 ],
    "to": [ 11, 15.5, 0 ],
    "faces": {
        "down":  { "uv": [ 11, 16, 9.5, 16 ], "rotation": 180, "texture": "#anvil_base" },
        "up":    { "uv": [ 5, 16, 6.5, 16 ], "rotation": 180, "texture": "#anvil_base" },
        "north": { "uv": [ 5, 0.5, 6.5, 2 ], "texture": "#anvil_base" },
        "south": { "uv": [ 9.5, 0.5, 11, 2 ], "texture": "#anvil_base" },
        "west":  { "uv": [ 0, 0.5, 0, 2 ], "texture": "#anvil_base" },
        "east":  { "uv": [ 16, 0.5, 16, 2 ], "texture": "#anvil_base" }
    }
},
{
    "__comment": "3",
    "from": [ 5, 14, -0.5 ],
    "to": [ 6.5, 15.5, 0 ],
    "faces": {
        "down":  { "uv": [ 6.5, 16, 5, 16 ], "rotation": 180, "texture": "#anvil_base" },
        "up":    { "uv": [ 9.5, 16, 11, 16 ], "rotation": 180, "texture": "#anvil_base" },
        "north": { "uv": [ 9.5, 0.5, 11, 2 ], "texture": "#anvil_base" },
        "south": { "uv": [ 5, 0.5, 6.5, 2 ], "texture": "#anvil_base" },
        "west":  { "uv": [ 0, 0.5, 0, 2 ], "texture": "#anvil_base" },
        "east":  { "uv": [ 16, 0.5, 16, 2 ], "texture": "#anvil_base" }
    }
},
{
    "__comment": "3",
    "from": [ 2, 14, -0.5 ],
    "to": [ 3.5, 15.5, 0 ],
    "faces": {
        "down":  { "uv": [ 3.5, 16, 2, 16 ], "rotation": 180, "texture": "#anvil_base" },
        "up":    { "uv": [ 12.5, 16, 14, 16 ], "rotation": 180, "texture": "#anvil_base" },
        "north": { "uv": [ 12.5, 0.5, 14, 2 ], "texture": "#anvil_base" },
        "south": { "uv": [ 2, 0.5, 3.5, 2 ], "texture": "#anvil_base" },
        "west":  { "uv": [ 0, 0.5, 0, 2 ], "texture": "#anvil_base" },
        "east":  { "uv": [ 16, 0.5, 16, 2 ], "texture": "#anvil_base" }
    }
},
{
    "__comment": "1",
    "from": [ 0, 13.5, 0 ],
    "to": [ 16, 16, 16 ],
    "faces": {
        "down":  { "uv": [ 16, 16, 0, 0 ], "rotation": 180, "texture": "#iron_block" },
        "up":    { "uv": [ 0, 0, 16, 16 ], "rotation": 180, "texture": "#iron_block" },
        "north": { "uv": [ 0, 0, 16, 2.5 ], "texture": "#iron_block" },
        "south": { "uv": [ 0, 0, 16, 2.5 ], "texture": "#iron_block" },
        "west":  { "uv": [ 0, 0, 16, 2.5 ], "texture": "#iron_block" },
        "east":  { "uv": [ 0, 0, 16, 2.5 ], "texture": "#iron_block" }
    }
},
{
    "__comment": "1",
    "from": [ 0, 0, 0 ],
    "to": [ 16, 2.5, 16 ],
    "faces": {
        "down":  { "uv": [ 16, 16, 0, 0 ], "rotation": 180, "texture": "#iron_block" },
        "up":    { "uv": [ 0, 0, 16, 16 ], "rotation": 180, "texture": "#iron_block" },
        "north": { "uv": [ 0, 13.5, 16, 16 ], "texture": "#iron_block" },
        "south": { "uv": [ 0, 13.5, 16, 16 ], "texture": "#iron_block" },
        "west":  { "uv": [ 0, 13.5, 16, 16 ], "texture": "#iron_block" },
        "east":  { "uv": [ 0, 13.5, 16, 16 ], "texture": "#iron_block" }
    }
},
{
    "__comment": "1",
    "from": [ 0.5, 13, 0.5 ],
    "to": [ 15.5, 13.5, 15.5 ],
    "faces": {
        "down":  { "uv": [ 15.5, 15.5, 0.5, 0.5 ], "rotation": 180, "texture": "#iron_block" },
        "up":    { "uv": [ 0.5, 0.5, 15.5, 15.5 ], "rotation": 180, "texture": "#iron_block" },
        "north": { "uv": [ 0.5, 2.5, 15.5, 3 ], "texture": "#iron_block" },
        "south": { "uv": [ 0.5, 2.5, 15.5, 3 ], "texture": "#iron_block" },
        "west":  { "uv": [ 0.5, 2.5, 15.5, 3 ], "texture": "#iron_block" },
        "east":  { "uv": [ 0.5, 2.5, 15.5, 3 ], "texture": "#iron_block" }
    }
},
{
    "__comment": "1",
    "from": [ 0.5, 2.5, 0.5 ],
    "to": [ 15.5, 3, 15.5 ],
    "faces": {
        "down":  { "uv": [ 15.5, 15.5, 0.5, 0.5 ], "rotation": 180, "texture": "#iron_block" },
        "up":    { "uv": [ 0.5, 0.5, 15.5, 15.5 ], "rotation": 180, "texture": "#iron_block" },
        "north": { "uv": [ 0.5, 13, 15.5, 13.5 ], "texture": "#iron_block" },
        "south": { "uv": [ 0.5, 13, 15.5, 13.5 ], "texture": "#iron_block" },
        "west":  { "uv": [ 0.5, 13, 15.5, 13.5 ], "texture": "#iron_block" },
        "east":  { "uv": [ 0.5, 13, 15.5, 13.5 ], "texture": "#iron_block" }
    }
},
{
    "__comment": "3",
    "from": [ 7, 16, 9 ],
    "to": [ 7.5, 16.5, 14 ],
    "faces": {
        "down":  { "uv": [ 7.5, 7, 7, 2 ], "rotation": 180, "texture": "#anvil_base" },
        "up":    { "uv": [ 8.5, 2, 9, 7 ], "rotation": 180, "texture": "#anvil_base" },
        "north": { "uv": [ 8.5, 0, 9, 0 ], "texture": "#anvil_base" },
        "south": { "uv": [ 7, 0, 7.5, 0 ], "texture": "#anvil_base" },
        "west":  { "uv": [ 9, 0, 14, 0 ], "texture": "#anvil_base" },
        "east":  { "uv": [ 2, 0, 7, 0 ], "texture": "#anvil_base" }
    }
},
{
    "__comment": "3",
    "from": [ 2, 16, 8.5 ],
    "to": [ 7, 16.5, 9 ],
    "faces": {
        "down":  { "uv": [ 7, 7.5, 2, 7 ], "rotation": 180, "texture": "#anvil_base" },
        "up":    { "uv": [ 9, 7, 14, 7.5 ], "rotation": 180, "texture": "#anvil_base" },
        "north": { "uv": [ 9, 0, 14, 0 ], "texture": "#anvil_base" },
        "south": { "uv": [ 2, 0, 7, 0 ], "texture": "#anvil_base" },
        "west":  { "uv": [ 8.5, 0, 9, 0 ], "texture": "#anvil_base" },
        "east":  { "uv": [ 7, 0, 7.5, 0 ], "texture": "#anvil_base" }
    }
},
{
    "__comment": "3",
    "from": [ 1.5, 16, 9 ],
    "to": [ 2, 16.5, 14 ],
    "faces": {
        "down":  { "uv": [ 2, 7, 1.5, 2 ], "rotation": 180, "texture": "#anvil_base" },
        "up":    { "uv": [ 14, 2, 14.5, 7 ], "rotation": 180, "texture": "#anvil_base" },
        "north": { "uv": [ 14, 0, 14.5, 0 ], "texture": "#anvil_base" },
        "south": { "uv": [ 1.5, 0, 2, 0 ], "texture": "#anvil_base" },
        "west":  { "uv": [ 9, 0, 14, 0 ], "texture": "#anvil_base" },
        "east":  { "uv": [ 2, 0, 7, 0 ], "texture": "#anvil_base" }
    }
},
{
    "__comment": "3",
    "from": [ 2, 16, 14 ],
    "to": [ 7, 16.5, 14.5 ],
    "faces": {
        "down":  { "uv": [ 7, 2, 2, 1.5 ], "rotation": 180, "texture": "#anvil_base" },
        "up":    { "uv": [ 9, 1.5, 14, 2 ], "rotation": 180, "texture": "#anvil_base" },
        "north": { "uv": [ 9, 0, 14, 0 ], "texture": "#anvil_base" },
        "south": { "uv": [ 2, 0, 7, 0 ], "texture": "#anvil_base" },
        "west":  { "uv": [ 14, 0, 14.5, 0 ], "texture": "#anvil_base" },
        "east":  { "uv": [ 1.5, 0, 2, 0 ], "texture": "#anvil_base" }
    }
},
{
    "__comment": "3",
    "from": [ 4.25, 16, 8.5 ],
    "to": [ 4.75, 16.5, 10 ],
    "faces": {
        "down":  { "uv": [ 4.75, 7.5, 4.25, 6 ], "rotation": 180, "texture": "#anvil_base" },
        "up":    { "uv": [ 11.25, 6, 11.75, 7.5 ], "rotation": 180, "texture": "#anvil_base" },
        "north": { "uv": [ 11.25, 0, 11.75, 0 ], "texture": "#anvil_base" },
        "south": { "uv": [ 4.25, 0, 4.75, 0 ], "texture": "#anvil_base" },
        "west":  { "uv": [ 8.5, 0, 10, 0 ], "texture": "#anvil_base" },
        "east":  { "uv": [ 6, 0, 7.5, 0 ], "texture": "#anvil_base" }
    }
},
{
    "__comment": "3",
    "from": [ 3.5, 16, 9.5 ],
    "to": [ 5.5, 16.5, 11.5 ],
    "faces": {
        "down":  { "uv": [ 5.5, 6.5, 3.5, 4.5 ], "rotation": 180, "texture": "#anvil_base" },
        "up":    { "uv": [ 10.5, 4.5, 12.5, 6.5 ], "rotation": 180, "texture": "#anvil_base" },
        "north": { "uv": [ 10.5, 0, 12.5, 0 ], "texture": "#anvil_base" },
        "south": { "uv": [ 3.5, 0, 5.5, 0 ], "texture": "#anvil_base" },
        "west":  { "uv": [ 9.5, 0, 11.5, 0 ], "texture": "#anvil_base" },
        "east":  { "uv": [ 4.5, 0, 6.5, 0 ], "texture": "#anvil_base" }
    }
},
{
    "__comment": "3",
    "from": [ 5, 16, 12 ],
    "to": [ 7, 16.5, 12.5 ],
    "faces": {
        "down":  { "uv": [ 7, 4, 5, 3.5 ], "rotation": 180, "texture": "#anvil_base" },
        "up":    { "uv": [ 9, 3.5, 11, 4 ], "rotation": 180, "texture": "#anvil_base" },
        "north": { "uv": [ 9, 0, 11, 0 ], "texture": "#anvil_base" },
        "south": { "uv": [ 5, 0, 7, 0 ], "texture": "#anvil_base" },
        "west":  { "uv": [ 12, 0, 12.5, 0 ], "texture": "#anvil_base" },
        "east":  { "uv": [ 3.5, 0, 4, 0 ], "texture": "#anvil_base" }
    }
},
{
    "__comment": "3",
    "from": [ 2, 16, 12 ],
    "to": [ 4, 16.5, 12.5 ],
    "faces": {
        "down":  { "uv": [ 4, 4, 2, 3.5 ], "rotation": 180, "texture": "#anvil_base" },
        "up":    { "uv": [ 12, 3.5, 14, 4 ], "rotation": 180, "texture": "#anvil_base" },
        "north": { "uv": [ 12, 0, 14, 0 ], "texture": "#anvil_base" },
        "south": { "uv": [ 2, 0, 4, 0 ], "texture": "#anvil_base" },
        "west":  { "uv": [ 12, 0, 12.5, 0 ], "texture": "#anvil_base" },
        "east":  { "uv": [ 3.5, 0, 4, 0 ], "texture": "#anvil_base" }
    }
},
{
    "__comment": "3",
    "from": [ 7, 16, 2 ],
    "to": [ 7.5, 16.5, 7 ],
    "faces": {
        "down":  { "uv": [ 7.5, 14, 7, 9 ], "rotation": 180, "texture": "#anvil_base" },
        "up":    { "uv": [ 8.5, 9, 9, 14 ], "rotation": 180, "texture": "#anvil_base" },
        "north": { "uv": [ 8.5, 0, 9, 0 ], "texture": "#anvil_base" },
        "south": { "uv": [ 7, 0, 7.5, 0 ], "texture": "#anvil_base" },
        "west":  { "uv": [ 2, 0, 7, 0 ], "texture": "#anvil_base" },
        "east":  { "uv": [ 9, 0, 14, 0 ], "texture": "#anvil_base" }
    }
},
{
    "__comment": "3",
    "from": [ 2, 16, 1.5 ],
    "to": [ 7, 16.5, 2 ],
    "faces": {
        "down":  { "uv": [ 7, 14.5, 2, 14 ], "rotation": 180, "texture": "#anvil_base" },
        "up":    { "uv": [ 9, 14, 14, 14.5 ], "rotation": 180, "texture": "#anvil_base" },
        "north": { "uv": [ 9, 0, 14, 0 ], "texture": "#anvil_base" },
        "south": { "uv": [ 2, 0, 7, 0 ], "texture": "#anvil_base" },
        "west":  { "uv": [ 1.5, 0, 2, 0 ], "texture": "#anvil_base" },
        "east":  { "uv": [ 14, 0, 14.5, 0 ], "texture": "#anvil_base" }
    }
},
{
    "__comment": "3",
    "from": [ 1.5, 16, 2 ],
    "to": [ 2, 16.5, 7 ],
    "faces": {
        "down":  { "uv": [ 2, 14, 1.5, 9 ], "rotation": 180, "texture": "#anvil_base" },
        "up":    { "uv": [ 14, 9, 14.5, 14 ], "rotation": 180, "texture": "#anvil_base" },
        "north": { "uv": [ 14, 0, 14.5, 0 ], "texture": "#anvil_base" },
        "south": { "uv": [ 1.5, 0, 2, 0 ], "texture": "#anvil_base" },
        "west":  { "uv": [ 2, 0, 7, 0 ], "texture": "#anvil_base" },
        "east":  { "uv": [ 9, 0, 14, 0 ], "texture": "#anvil_base" }
    }
},
{
    "__comment": "3",
    "from": [ 2, 16, 7 ],
    "to": [ 7, 16.5, 7.5 ],
    "faces": {
        "down":  { "uv": [ 7, 9, 2, 8.5 ], "rotation": 180, "texture": "#anvil_base" },
        "up":    { "uv": [ 9, 8.5, 14, 9 ], "rotation": 180, "texture": "#anvil_base" },
        "north": { "uv": [ 9, 0, 14, 0 ], "texture": "#anvil_base" },
        "south": { "uv": [ 2, 0, 7, 0 ], "texture": "#anvil_base" },
        "west":  { "uv": [ 7, 0, 7.5, 0 ], "texture": "#anvil_base" },
        "east":  { "uv": [ 8.5, 0, 9, 0 ], "texture": "#anvil_base" }
    }
},
{
    "__comment": "3",
    "from": [ 4.25, 16, 1.5 ],
    "to": [ 4.75, 16.5, 3 ],
    "faces": {
        "down":  { "uv": [ 4.75, 14.5, 4.25, 13 ], "rotation": 180, "texture": "#anvil_base" },
        "up":    { "uv": [ 11.25, 13, 11.75, 14.5 ], "rotation": 180, "texture": "#anvil_base" },
        "north": { "uv": [ 11.25, 0, 11.75, 0 ], "texture": "#anvil_base" },
        "south": { "uv": [ 4.25, 0, 4.75, 0 ], "texture": "#anvil_base" },
        "west":  { "uv": [ 1.5, 0, 3, 0 ], "texture": "#anvil_base" },
        "east":  { "uv": [ 13, 0, 14.5, 0 ], "texture": "#anvil_base" }
    }
},
{
    "__comment": "3",
    "from": [ 3.5, 16, 2.5 ],
    "to": [ 5.5, 16.5, 4.5 ],
    "faces": {
        "down":  { "uv": [ 5.5, 13.5, 3.5, 11.5 ], "rotation": 180, "texture": "#anvil_base" },
        "up":    { "uv": [ 10.5, 11.5, 12.5, 13.5 ], "rotation": 180, "texture": "#anvil_base" },
        "north": { "uv": [ 10.5, 0, 12.5, 0 ], "texture": "#anvil_base" },
        "south": { "uv": [ 3.5, 0, 5.5, 0 ], "texture": "#anvil_base" },
        "west":  { "uv": [ 2.5, 0, 4.5, 0 ], "texture": "#anvil_base" },
        "east":  { "uv": [ 11.5, 0, 13.5, 0 ], "texture": "#anvil_base" }
    }
},
{
    "__comment": "3",
    "from": [ 5, 16, 5 ],
    "to": [ 7, 16.5, 5.5 ],
    "faces": {
        "down":  { "uv": [ 7, 11, 5, 10.5 ], "rotation": 180, "texture": "#anvil_base" },
        "up":    { "uv": [ 9, 10.5, 11, 11 ], "rotation": 180, "texture": "#anvil_base" },
        "north": { "uv": [ 9, 0, 11, 0 ], "texture": "#anvil_base" },
        "south": { "uv": [ 5, 0, 7, 0 ], "texture": "#anvil_base" },
        "west":  { "uv": [ 5, 0, 5.5, 0 ], "texture": "#anvil_base" },
        "east":  { "uv": [ 10.5, 0, 11, 0 ], "texture": "#anvil_base" }
    }
},
{
    "__comment": "3",
    "from": [ 2, 16, 5 ],
    "to": [ 4, 16.5, 5.5 ],
    "faces": {
        "down":  { "uv": [ 4, 11, 2, 10.5 ], "rotation": 180, "texture": "#anvil_base" },
        "up":    { "uv": [ 12, 10.5, 14, 11 ], "rotation": 180, "texture": "#anvil_base" },
        "north": { "uv": [ 12, 0, 14, 0 ], "texture": "#anvil_base" },
        "south": { "uv": [ 2, 0, 4, 0 ], "texture": "#anvil_base" },
        "west":  { "uv": [ 5, 0, 5.5, 0 ], "texture": "#anvil_base" },
        "east":  { "uv": [ 10.5, 0, 11, 0 ], "texture": "#anvil_base" }
    }
},
{
    "__comment": "3",
    "from": [ 14, 16, 9 ],
    "to": [ 14.5, 16.5, 14 ],
    "faces": {
        "down":  { "uv": [ 14.5, 7, 14, 2 ], "rotation": 180, "texture": "#anvil_base" },
        "up":    { "uv": [ 1.5, 2, 2, 7 ], "rotation": 180, "texture": "#anvil_base" },
        "north": { "uv": [ 1.5, 0, 2, 0 ], "texture": "#anvil_base" },
        "south": { "uv": [ 14, 0, 14.5, 0 ], "texture": "#anvil_base" },
        "west":  { "uv": [ 9, 0, 14, 0 ], "texture": "#anvil_base" },
        "east":  { "uv": [ 2, 0, 7, 0 ], "texture": "#anvil_base" }
    }
},
{
    "__comment": "3",
    "from": [ 9, 16, 8.5 ],
    "to": [ 14, 16.5, 9 ],
    "faces": {
        "down":  { "uv": [ 14, 7.5, 9, 7 ], "rotation": 180, "texture": "#anvil_base" },
        "up":    { "uv": [ 2, 7, 7, 7.5 ], "rotation": 180, "texture": "#anvil_base" },
        "north": { "uv": [ 2, 0, 7, 0 ], "texture": "#anvil_base" },
        "south": { "uv": [ 9, 0, 14, 0 ], "texture": "#anvil_base" },
        "west":  { "uv": [ 8.5, 0, 9, 0 ], "texture": "#anvil_base" },
        "east":  { "uv": [ 7, 0, 7.5, 0 ], "texture": "#anvil_base" }
    }
},
{
    "__comment": "3",
    "from": [ 8.5, 16, 9 ],
    "to": [ 9, 16.5, 14 ],
    "faces": {
        "down":  { "uv": [ 9, 7, 8.5, 2 ], "rotation": 180, "texture": "#anvil_base" },
        "up":    { "uv": [ 7, 2, 7.5, 7 ], "rotation": 180, "texture": "#anvil_base" },
        "north": { "uv": [ 7, 0, 7.5, 0 ], "texture": "#anvil_base" },
        "south": { "uv": [ 8.5, 0, 9, 0 ], "texture": "#anvil_base" },
        "west":  { "uv": [ 9, 0, 14, 0 ], "texture": "#anvil_base" },
        "east":  { "uv": [ 2, 0, 7, 0 ], "texture": "#anvil_base" }
    }
},
{
    "__comment": "3",
    "from": [ 9, 16, 14 ],
    "to": [ 14, 16.5, 14.5 ],
    "faces": {
        "down":  { "uv": [ 14, 2, 9, 1.5 ], "rotation": 180, "texture": "#anvil_base" },
        "up":    { "uv": [ 2, 1.5, 7, 2 ], "rotation": 180, "texture": "#anvil_base" },
        "north": { "uv": [ 2, 0, 7, 0 ], "texture": "#anvil_base" },
        "south": { "uv": [ 9, 0, 14, 0 ], "texture": "#anvil_base" },
        "west":  { "uv": [ 14, 0, 14.5, 0 ], "texture": "#anvil_base" },
        "east":  { "uv": [ 1.5, 0, 2, 0 ], "texture": "#anvil_base" }
    }
},
{
    "__comment": "3",
    "from": [ 11.25, 16, 8.5 ],
    "to": [ 11.75, 16.5, 10 ],
    "faces": {
        "down":  { "uv": [ 11.75, 7.5, 11.25, 6 ], "rotation": 180, "texture": "#anvil_base" },
        "up":    { "uv": [ 4.25, 6, 4.75, 7.5 ], "rotation": 180, "texture": "#anvil_base" },
        "north": { "uv": [ 4.25, 0, 4.75, 0 ], "texture": "#anvil_base" },
        "south": { "uv": [ 11.25, 0, 11.75, 0 ], "texture": "#anvil_base" },
        "west":  { "uv": [ 8.5, 0, 10, 0 ], "texture": "#anvil_base" },
        "east":  { "uv": [ 6, 0, 7.5, 0 ], "texture": "#anvil_base" }
    }
},
{
    "__comment": "3",
    "from": [ 10.5, 16, 9.5 ],
    "to": [ 12.5, 16.5, 11.5 ],
    "faces": {
        "down":  { "uv": [ 12.5, 6.5, 10.5, 4.5 ], "rotation": 180, "texture": "#anvil_base" },
        "up":    { "uv": [ 3.5, 4.5, 5.5, 6.5 ], "rotation": 180, "texture": "#anvil_base" },
        "north": { "uv": [ 3.5, 0, 5.5, 0 ], "texture": "#anvil_base" },
        "south": { "uv": [ 10.5, 0, 12.5, 0 ], "texture": "#anvil_base" },
        "west":  { "uv": [ 9.5, 0, 11.5, 0 ], "texture": "#anvil_base" },
        "east":  { "uv": [ 4.5, 0, 6.5, 0 ], "texture": "#anvil_base" }
    }
},
{
    "__comment": "3",
    "from": [ 12, 16, 12 ],
    "to": [ 14, 16.5, 12.5 ],
    "faces": {
        "down":  { "uv": [ 14, 4, 12, 3.5 ], "rotation": 180, "texture": "#anvil_base" },
        "up":    { "uv": [ 2, 3.5, 4, 4 ], "rotation": 180, "texture": "#anvil_base" },
        "north": { "uv": [ 2, 0, 4, 0 ], "texture": "#anvil_base" },
        "south": { "uv": [ 12, 0, 14, 0 ], "texture": "#anvil_base" },
        "west":  { "uv": [ 12, 0, 12.5, 0 ], "texture": "#anvil_base" },
        "east":  { "uv": [ 3.5, 0, 4, 0 ], "texture": "#anvil_base" }
    }
},
{
    "__comment": "3",
    "from": [ 9, 16, 12 ],
    "to": [ 11, 16.5, 12.5 ],
    "faces": {
        "down":  { "uv": [ 11, 4, 9, 3.5 ], "rotation": 180, "texture": "#anvil_base" },
        "up":    { "uv": [ 5, 3.5, 7, 4 ], "rotation": 180, "texture": "#anvil_base" },
        "north": { "uv": [ 5, 0, 7, 0 ], "texture": "#anvil_base" },
        "south": { "uv": [ 9, 0, 11, 0 ], "texture": "#anvil_base" },
        "west":  { "uv": [ 12, 0, 12.5, 0 ], "texture": "#anvil_base" },
        "east":  { "uv": [ 3.5, 0, 4, 0 ], "texture": "#anvil_base" }
    }
},
{
    "__comment": "3",
    "from": [ 14, 16, 2 ],
    "to": [ 14.5, 16.5, 7 ],
    "faces": {
        "down":  { "uv": [ 14.5, 14, 14, 9 ], "rotation": 180, "texture": "#anvil_base" },
        "up":    { "uv": [ 1.5, 9, 2, 14 ], "rotation": 180, "texture": "#anvil_base" },
        "north": { "uv": [ 1.5, 0, 2, 0 ], "texture": "#anvil_base" },
        "south": { "uv": [ 14, 0, 14.5, 0 ], "texture": "#anvil_base" },
        "west":  { "uv": [ 2, 0, 7, 0 ], "texture": "#anvil_base" },
        "east":  { "uv": [ 9, 0, 14, 0 ], "texture": "#anvil_base" }
    }
},
{
    "__comment": "3",
    "from": [ 9, 16, 1.5 ],
    "to": [ 14, 16.5, 2 ],
    "faces": {
        "down":  { "uv": [ 14, 14.5, 9, 14 ], "rotation": 180, "texture": "#anvil_base" },
        "up":    { "uv": [ 2, 14, 7, 14.5 ], "rotation": 180, "texture": "#anvil_base" },
        "north": { "uv": [ 2, 0, 7, 0 ], "texture": "#anvil_base" },
        "south": { "uv": [ 9, 0, 14, 0 ], "texture": "#anvil_base" },
        "west":  { "uv": [ 1.5, 0, 2, 0 ], "texture": "#anvil_base" },
        "east":  { "uv": [ 14, 0, 14.5, 0 ], "texture": "#anvil_base" }
    }
},
{
    "__comment": "3",
    "from": [ 8.5, 16, 2 ],
    "to": [ 9, 16.5, 7 ],
    "faces": {
        "down":  { "uv": [ 9, 14, 8.5, 9 ], "rotation": 180, "texture": "#anvil_base" },
        "up":    { "uv": [ 7, 9, 7.5, 14 ], "rotation": 180, "texture": "#anvil_base" },
        "north": { "uv": [ 7, 0, 7.5, 0 ], "texture": "#anvil_base" },
        "south": { "uv": [ 8.5, 0, 9, 0 ], "texture": "#anvil_base" },
        "west":  { "uv": [ 2, 0, 7, 0 ], "texture": "#anvil_base" },
        "east":  { "uv": [ 9, 0, 14, 0 ], "texture": "#anvil_base" }
    }
},
{
    "__comment": "3",
    "from": [ 9, 16, 7 ],
    "to": [ 14, 16.5, 7.5 ],
    "faces": {
        "down":  { "uv": [ 14, 9, 9, 8.5 ], "rotation": 180, "texture": "#anvil_base" },
        "up":    { "uv": [ 2, 8.5, 7, 9 ], "rotation": 180, "texture": "#anvil_base" },
        "north": { "uv": [ 2, 0, 7, 0 ], "texture": "#anvil_base" },
        "south": { "uv": [ 9, 0, 14, 0 ], "texture": "#anvil_base" },
        "west":  { "uv": [ 7, 0, 7.5, 0 ], "texture": "#anvil_base" },
        "east":  { "uv": [ 8.5, 0, 9, 0 ], "texture": "#anvil_base" }
    }
},
{
    "__comment": "3",
    "from": [ 11.25, 16, 1.5 ],
    "to": [ 11.75, 16.5, 3 ],
    "faces": {
        "down":  { "uv": [ 11.75, 14.5, 11.25, 13 ], "rotation": 180, "texture": "#anvil_base" },
        "up":    { "uv": [ 4.25, 13, 4.75, 14.5 ], "rotation": 180, "texture": "#anvil_base" },
        "north": { "uv": [ 4.25, 0, 4.75, 0 ], "texture": "#anvil_base" },
        "south": { "uv": [ 11.25, 0, 11.75, 0 ], "texture": "#anvil_base" },
        "west":  { "uv": [ 1.5, 0, 3, 0 ], "texture": "#anvil_base" },
        "east":  { "uv": [ 13, 0, 14.5, 0 ], "texture": "#anvil_base" }
    }
},
{
    "__comment": "3",
    "from": [ 10.5, 16, 2.5 ],
    "to": [ 12.5, 16.5, 4.5 ],
    "faces": {
        "down":  { "uv": [ 12.5, 13.5, 10.5, 11.5 ], "rotation": 180, "texture": "#anvil_base" },
        "up":    { "uv": [ 3.5, 11.5, 5.5, 13.5 ], "rotation": 180, "texture": "#anvil_base" },
        "north": { "uv": [ 3.5, 0, 5.5, 0 ], "texture": "#anvil_base" },
        "south": { "uv": [ 10.5, 0, 12.5, 0 ], "texture": "#anvil_base" },
        "west":  { "uv": [ 2.5, 0, 4.5, 0 ], "texture": "#anvil_base" },
        "east":  { "uv": [ 11.5, 0, 13.5, 0 ], "texture": "#anvil_base" }
    }
},
{
    "__comment": "3",
    "from": [ 12, 16, 5 ],
    "to": [ 14, 16.5, 5.5 ],
    "faces": {
        "down":  { "uv": [ 14, 11, 12, 10.5 ], "rotation": 180, "texture": "#anvil_base" },
        "up":    { "uv": [ 2, 10.5, 4, 11 ], "rotation": 180, "texture": "#anvil_base" },
        "north": { "uv": [ 2, 0, 4, 0 ], "texture": "#anvil_base" },
        "south": { "uv": [ 12, 0, 14, 0 ], "texture": "#anvil_base" },
        "west":  { "uv": [ 5, 0, 5.5, 0 ], "texture": "#anvil_base" },
        "east":  { "uv": [ 10.5, 0, 11, 0 ], "texture": "#anvil_base" }
    }
},
{
    "__comment": "3",
    "from": [ 9, 16, 5 ],
    "to": [ 11, 16.5, 5.5 ],
    "faces": {
        "down":  { "uv": [ 11, 11, 9, 10.5 ], "rotation": 180, "texture": "#anvil_base" },
        "up":    { "uv": [ 5, 10.5, 7, 11 ], "rotation": 180, "texture": "#anvil_base" },
        "north": { "uv": [ 5, 0, 7, 0 ], "texture": "#anvil_base" },
        "south": { "uv": [ 9, 0, 11, 0 ], "texture": "#anvil_base" },
        "west":  { "uv": [ 5, 0, 5.5, 0 ], "texture": "#anvil_base" },
        "east":  { "uv": [ 10.5, 0, 11, 0 ], "texture": "#anvil_base" }
    }
},
{
    "__comment": "1",
    "from": [ 0, 16, 15 ],
    "to": [ 16, 20, 16 ],
    "faces": {
        "down":  { "uv": [ 0, 0, 16, 16 ], "rotation": 180, "texture": "#iron_block" },
        "up":    { "uv": [ 0, 0, 16, 16 ], "rotation": 180, "texture": "#iron_block" },
        "north": { "uv": [ 0, 0, 16, 16 ], "rotation": 270, "texture": "#iron_block" },
        "south": { "uv": [ 0, 0, 16, 16 ], "texture": "#iron_block" },
        "west":  { "uv": [ 0, 0, 16, 16 ], "texture": "#iron_block" },
        "east":  { "uv": [ 0, 0, 16, 16 ], "texture": "#iron_block" }
    }
}
]
}