{
"__comment": "Designed by Optimus0812 with BDcraft Cubik PRO 0.95 Beta - http://bdcraft.net",
"textures": {
    "pumpkin_face_off": "blocks/pumpkin_face_off",
    "pumpkin_side": "blocks/pumpkin_side",
    "pumpkin_top": "blocks/pumpkin_top"
},
"elements": [ 
{
    "from": [ 0, 0, 0 ],
    "to": [ 16, 16, 1 ],
    "faces": {
        "down":  { "uv": [ 16, 16, 0, 15 ], "rotation": 180, "texture": "#pumpkin_top" },
        "up":    { "uv": [ 0, 15, 16, 16 ], "rotation": 180, "texture": "#pumpkin_top" },
        "north": { "uv": [ 0, 0, 16, 16 ], "texture": "#pumpkin_face_off" },
        "south": { "uv": [ 0, 0, 16, 16 ], "texture": "#pumpkin_side" },
        "west":  { "uv": [ 0, 0, 1, 16 ], "texture": "#pumpkin_side" },
        "east":  { "uv": [ 15, 0, 16, 16 ], "texture": "#pumpkin_side" }
    }
},
{
    "from": [ 0, 0, 15 ],
    "to": [ 16, 16, 16 ],
    "faces": {
        "down":  { "uv": [ 16, 1, 0, 0 ], "rotation": 180, "texture": "#pumpkin_top" },
        "up":    { "uv": [ 0, 0, 16, 1 ], "rotation": 180, "texture": "#pumpkin_top" },
        "north": { "uv": [ 0, 0, 16, 16 ], "texture": "#pumpkin_face_off" },
        "south": { "uv": [ 0, 0, 16, 16 ], "texture": "#pumpkin_side" },
        "west":  { "uv": [ 15, 0, 16, 16 ], "texture": "#pumpkin_side" },
        "east":  { "uv": [ 0, 0, 1, 16 ], "texture": "#pumpkin_side" }
    }
},
{
    "from": [ 15, 0, 0 ],
    "to": [ 16, 16, 16 ],
    "faces": {
        "down":  { "uv": [ 16, 16, 15, 0 ], "rotation": 180, "texture": "#pumpkin_top" },
        "up":    { "uv": [ 0, 0, 1, 16 ], "rotation": 180, "texture": "#pumpkin_top" },
        "north": { "uv": [ 0, 0, 1, 16 ], "texture": "#pumpkin_face_off" },
        "south": { "uv": [ 15, 0, 16, 16 ], "texture": "#pumpkin_side" },
        "west":  { "uv": [ 0, 0, 16, 16 ], "texture": "#pumpkin_side" },
        "east":  { "uv": [ 0, 0, 16, 16 ], "texture": "#pumpkin_side" }
    }
},
{
    "from": [ 0, 0, 0 ],
    "to": [ 1, 16, 16 ],
    "faces": {
        "down":  { "uv": [ 1, 16, 0, 0 ], "rotation": 180, "texture": "#pumpkin_top" },
        "up":    { "uv": [ 15, 0, 16, 16 ], "rotation": 180, "texture": "#pumpkin_top" },
        "north": { "uv": [ 15, 0, 16, 16 ], "texture": "#pumpkin_face_off" },
        "south": { "uv": [ 0, 0, 1, 16 ], "texture": "#pumpkin_side" },
        "west":  { "uv": [ 0, 0, 16, 16 ], "texture": "#pumpkin_side" },
        "east":  { "uv": [ 0, 0, 16, 16 ], "texture": "#pumpkin_side" }
    }
},
{
    "from": [ 0, 15, 0 ],
    "to": [ 16, 16, 16 ],
    "faces": {
        "down":  { "uv": [ 16, 16, 0, 0 ], "rotation": 180, "texture": "#pumpkin_top" },
        "up":    { "uv": [ 0, 0, 16, 16 ], "rotation": 180, "texture": "#pumpkin_top" },
        "north": { "uv": [ 0, 0, 16, 1 ], "texture": "#pumpkin_face_off" },
        "south": { "uv": [ 0, 0, 16, 1 ], "texture": "#pumpkin_side" },
        "west":  { "uv": [ 0, 0, 16, 1 ], "texture": "#pumpkin_side" },
        "east":  { "uv": [ 0, 0, 16, 1 ], "texture": "#pumpkin_side" }
    }
},
{
    "from": [ 0, 0, 0 ],
    "to": [ 16, 1, 16 ],
    "faces": {
        "down":  { "uv": [ 16, 16, 0, 0 ], "rotation": 180, "texture": "#pumpkin_top" },
        "up":    { "uv": [ 0, 0, 16, 16 ], "rotation": 180, "texture": "#pumpkin_top" },
        "north": { "uv": [ 0, 15, 16, 16 ], "texture": "#pumpkin_face_off" },
        "south": { "uv": [ 0, 15, 16, 16 ], "texture": "#pumpkin_side" },
        "west":  { "uv": [ 0, 15, 16, 16 ], "texture": "#pumpkin_side" },
        "east":  { "uv": [ 0, 15, 16, 16 ], "texture": "#pumpkin_side" }
    }
}
],
"display": {
    "thirdperson": {
        "rotation": [ 10, -45, 170 ],
        "translation": [ 0, 1.5, -2.75 ],
        "scale": [ 0.375, 0.375, 0.375 ]
    },
    "head": {
        "rotation": [ 0, 0, 0 ],
        "translation": [ 0, 0, 0 ],
        "scale": [ 0, 0, 0 ]
    },
    "ground": {
        "rotation": [ 0, 0, 0 ],
        "translation": [ 0, 0, 0 ],
        "scale": [ 1, 1, 1 ]
    },
    "fixed": {
        "rotation": [ 0, 0, 0 ],
        "translation": [ 0, 0, 0 ],
        "scale": [ 1, 1, 1 ]
    },
    "firstperson": {
        "rotation": [ 0, 0, 0 ],
        "translation": [ 0, 0, 0 ],
        "scale": [ 1, 1, 1 ]
    },
    "gui": {
        "rotation": [ 0, 0, 0 ],
        "translation": [ 0, 0, 0 ],
        "scale": [ 1, 1, 1 ]
    }
}
}